Id,Prediction
0,c
1,c
2,o
3,u
4,n
5,t
6,a
7,b
8,i
9,l
10,i
11,t
12,y
13,e
14,c
15,o
16,m
17,p
18,r
19,e
20,s
21,s
22,e
23,r
24,o
25,m
26,b
27,r
28,a
29,c
30,e
31,s
32,u
33,g
34,g
35,i
36,n
37,g
38,m
39,b
40,r
41,a
42,c
43,e
44,s
45,e
46,e
47,k
48,e
49,r
50,e
51,r
52,o
53,e
54,a
55,r
56,b
57,o
58,o
59,k
60,e
61,v
62,v
63,i
64,n
65,g
66,u
67,g
68,g
69,i
70,n
71,g
72,n
73,d
74,u
75,s
76,t
77,r
78,i
79,a
80,l
81,i
82,z
83,e
84,d
85,o
86,m
87,p
88,l
89,e
90,x
91,y
92,l
93,o
94,p
95,h
96,o
97,n
98,e
99,n
100,c
101,o
102,n
103,s
104,e
105,q
106,u
107,e
108,n
109,t
110,i
111,a
112,l
113,n
114,e
115,x
116,p
117,e
118,c
119,t
120,e
121,d
122,m
123,b
124,r
125,a
126,c
127,e
128,s
129,o
130,m
131,m
132,a
133,n
134,d
135,i
136,n
137,g
138,a
139,k
140,e
141,o
142,m
143,p
144,a
145,r
146,a
147,t
148,i
149,v
150,e
151,l
152,y
153,a
154,x
155,i
156,o
157,l
158,c
159,a
160,n
161,i
162,c
163,u
164,g
165,g
166,i
167,n
168,g
169,y
170,l
171,o
172,p
173,h
174,o
175,n
176,e
177,u
178,f
179,f
180,n
181,d
182,u
183,s
184,t
185,r
186,i
187,a
188,l
189,i
190,z
191,e
192,d
193,n
194,w
195,o
196,r
197,k
198,a
199,b
200,l
201,e
202,u
203,z
204,z
205,l
206,e
207,m
208,e
209,n
210,t
211,u
212,s
213,t
214,i
215,f
216,i
217,c
218,a
219,t
220,i
221,o
222,n
223,s
224,e
225,v
226,v
227,i
228,n
229,g
230,u
231,g
232,g
233,i
234,n
235,g
236,u
237,i
238,z
239,z
240,i
241,c
242,a
243,l
244,l
245,y
246,e
247,n
248,u
249,o
250,m
251,p
252,l
253,e
254,x
255,w
256,a
257,b
258,n
259,n
260,o
261,u
262,n
263,c
264,i
265,n
266,g
267,a
268,f
269,e
270,t
271,e
272,r
273,i
274,a
275,u
276,f
277,f
278,a
279,x
280,i
281,e
282,o
283,g
284,r
285,a
286,p
287,h
288,y
289,o
290,m
291,p
292,l
293,e
294,x
295,e
296,c
297,l
298,a
299,r
300,i
301,n
302,g
303,o
304,v
305,e
306,r
307,n
308,i
309,n
310,g
311,a
312,f
313,e
314,t
315,e
316,r
317,i
318,a
319,e
320,j
321,u
322,v
323,e
324,n
325,a
326,t
327,i
328,n
329,g
330,o
331,m
332,p
333,a
334,r
335,a
336,t
337,i
338,v
339,e
340,l
341,y
342,k
343,i
344,i
345,n
346,g
347,n
348,c
349,o
350,r
351,t
352,c
353,a
354,u
355,e
356,w
357,l
358,i
359,a
360,l
361,e
362,e
363,k
364,e
365,r
366,r
367,o
368,j
369,e
370,c
371,t
372,i
373,o
374,n
375,s
376,r
377,i
378,g
379,h
380,t
381,f
382,u
383,l
384,l
385,y
386,n
387,c
388,o
389,n
390,s
391,e
392,q
393,u
394,e
395,n
396,t
397,i
398,a
399,l
400,e
401,v
402,v
403,i
404,n
405,g
406,a
407,t
408,e
409,e
410,v
411,v
412,i
413,n
414,g
415,y
416,l
417,o
418,p
419,h
420,o
421,n
422,e
423,u
424,r
425,g
426,s
427,r
428,c
429,a
430,r
431,l
432,y
433,u
434,r
435,r
436,o
437,u
438,n
439,d
440,e
441,d
442,u
443,f
444,f
445,e
446,o
447,g
448,r
449,a
450,p
451,h
452,y
453,m
454,b
455,r
456,a
457,c
458,e
459,s
460,a
461,t
462,e
463,o
464,v
465,e
466,r
467,n
468,i
469,n
470,g
471,a
472,c
473,k
474,i
475,n
476,g
477,u
478,f
479,f
480,r
481,a
482,n
483,s
484,f
485,o
486,r
487,m
488,o
489,l
490,c
491,a
492,n
493,i
494,c
495,o
496,l
497,c
498,a
499,n
500,i
501,c
502,r
503,a
504,n
505,s
506,f
507,o
508,r
509,m
510,h
511,a
512,d
513,o
514,w
515,y
516,m
517,p
518,a
519,t
520,h
521,e
522,t
523,i
524,c
525,a
526,l
527,l
528,y
529,i
530,d
531,d
532,i
533,n
534,g
535,a
536,f
537,e
538,t
539,e
540,r
541,i
542,a
543,i
544,d
545,d
546,i
547,n
548,g
549,e
550,n
551,u
552,k
553,i
554,i
555,n
556,g
557,u
558,f
559,f
560,o
561,m
562,m
563,a
564,n
565,d
566,i
567,n
568,g
569,o
570,m
571,p
572,a
573,r
574,a
575,t
576,i
577,v
578,e
579,l
580,y
581,m
582,b
583,r
584,a
585,c
586,e
587,s
588,o
589,v
590,e
591,r
592,n
593,i
594,n
595,g
596,u
597,s
598,t
599,i
600,f
601,i
602,c
603,a
604,t
605,i
606,o
607,n
608,s
609,a
610,x
611,i
612,e
613,c
614,o
615,m
616,p
617,r
618,e
619,s
620,s
621,c
622,c
623,o
624,u
625,n
626,t
627,a
628,b
629,i
630,l
631,i
632,t
633,y
634,r
635,o
636,j
637,e
638,c
639,t
640,i
641,o
642,n
643,s
644,y
645,m
646,p
647,a
648,t
649,h
650,e
651,t
652,i
653,c
654,a
655,l
656,l
657,y
658,n
659,c
660,o
661,m
662,f
663,o
664,r
665,t
666,a
667,b
668,l
669,y
670,h
671,a
672,d
673,o
674,w
675,o
676,m
677,m
678,a
679,n
680,d
681,i
682,n
683,g
684,u
685,g
686,g
687,i
688,n
689,g
690,e
691,o
692,g
693,r
694,a
695,p
696,h
697,y
698,u
699,f
700,f
701,u
702,i
703,z
704,z
705,i
706,c
707,a
708,l
709,l
710,y
711,n
712,e
713,x
714,p
715,e
716,c
717,t
718,e
719,d
720,a
721,c
722,k
723,i
724,n
725,g
726,w
727,a
728,b
729,u
730,z
731,z
732,p
733,p
734,r
735,o
736,a
737,c
738,h
739,i
740,n
741,g
742,n
743,e
744,x
745,p
746,e
747,c
748,t
749,e
750,d
751,w
752,a
753,b
754,m
755,i
756,t
757,t
758,e
759,d
760,a
761,f
762,e
763,t
764,e
765,r
766,i
767,a
768,e
769,c
770,l
771,a
772,r
773,i
774,n
775,g
776,r
777,i
778,g
779,h
780,t
781,f
782,u
783,l
784,l
785,y
786,h
787,a
788,d
789,o
790,w
791,a
792,b
793,u
794,l
795,o
796,u
797,s
798,l
799,y
800,c
801,c
802,o
803,u
804,n
805,t
806,a
807,b
808,i
809,l
810,i
811,t
812,y
813,a
814,b
815,u
816,l
817,o
818,u
819,s
820,l
821,y
822,n
823,e
824,x
825,p
826,e
827,c
828,t
829,e
830,d
831,g
832,o
833,n
834,i
835,z
836,i
837,n
838,g
839,l
840,y
841,m
842,b
843,r
844,a
845,c
846,e
847,s
848,a
849,n
850,q
851,u
852,i
853,s
854,h
855,u
856,z
857,z
858,u
859,s
860,t
861,i
862,f
863,i
864,c
865,a
866,t
867,i
868,o
869,n
870,s
871,a
872,k
873,e
874,n
875,w
876,o
877,r
878,k
879,a
880,b
881,l
882,e
883,u
884,f
885,f
886,o
887,r
888,m
889,a
890,l
891,i
892,z
893,a
894,t
895,i
896,o
897,n
898,u
899,z
900,z
901,e
902,c
903,l
904,a
905,r
906,i
907,n
908,g
909,o
910,m
911,p
912,a
913,r
914,a
915,t
916,i
917,v
918,e
919,l
920,y
921,a
922,c
923,k
924,i
925,n
926,g
927,u
928,r
929,r
930,o
931,u
932,n
933,d
934,e
935,d
936,u
937,f
938,f
939,i
940,d
941,d
942,i
943,n
944,g
945,n
946,n
947,o
948,u
949,n
950,c
951,i
952,n
953,g
954,h
955,a
956,d
957,o
958,w
959,a
960,b
961,u
962,l
963,o
964,u
965,s
966,l
967,y
968,n
969,v
970,u
971,l
972,n
973,e
974,r
975,a
976,b
977,l
978,e
979,i
980,s
981,q
982,u
983,a
984,l
985,i
986,f
987,i
988,e
989,d
990,n
991,v
992,u
993,l
994,n
995,e
996,r
997,a
998,b
999,l
1000,e
1001,i
1002,s
1003,q
1004,u
1005,a
1006,l
1007,i
1008,f
1009,i
1010,e
1011,d
1012,w
1013,a
1014,b
1015,o
1016,v
1017,e
1018,r
1019,n
1020,i
1021,n
1022,g
1023,n
1024,w
1025,o
1026,r
1027,k
1028,a
1029,b
1030,l
1031,e
1032,u
1033,i
1034,z
1035,z
1036,i
1037,c
1038,a
1039,l
1040,l
1041,y
1042,p
1043,p
1044,r
1045,o
1046,a
1047,c
1048,h
1049,i
1050,n
1051,g
1052,c
1053,k
1054,n
1055,o
1056,w
1057,l
1058,e
1059,d
1060,g
1061,e
1062,m
1063,e
1064,n
1065,t
1066,a
1067,b
1068,u
1069,l
1070,o
1071,u
1072,s
1073,l
1074,y
1075,a
1076,f
1077,e
1078,t
1079,e
1080,r
1081,i
1082,a
1083,a
1084,x
1085,i
1086,e
1087,v
1088,v
1089,i
1090,n
1091,g
1092,p
1093,p
1094,r
1095,o
1096,a
1097,c
1098,h
1099,i
1100,n
1101,g
1102,u
1103,i
1104,z
1105,z
1106,i
1107,c
1108,a
1109,l
1110,l
1111,y
1112,a
1113,n
1114,q
1115,u
1116,i
1117,s
1118,h
1119,r
1120,i
1121,g
1122,h
1123,t
1124,f
1125,u
1126,l
1127,l
1128,y
1129,e
1130,a
1131,r
1132,b
1133,o
1134,o
1135,k
1136,u
1137,z
1138,z
1139,u
1140,i
1141,z
1142,z
1143,i
1144,c
1145,a
1146,l
1147,l
1148,y
1149,y
1150,l
1151,o
1152,p
1153,h
1154,o
1155,n
1156,e
1157,a
1158,c
1159,k
1160,i
1161,n
1162,g
1163,a
1164,f
1165,e
1166,t
1167,e
1168,r
1169,i
1170,a
1171,a
1172,t
1173,e
1174,r
1175,o
1176,j
1177,e
1178,c
1179,t
1180,i
1181,o
1182,n
1183,s
1184,n
1185,c
1186,o
1187,m
1188,f
1189,o
1190,r
1191,t
1192,a
1193,b
1194,l
1195,y
1196,c
1197,c
1198,o
1199,u
1200,n
1201,t
1202,a
1203,b
1204,i
1205,l
1206,i
1207,t
1208,y
1209,n
1210,v
1211,u
1212,l
1213,n
1214,e
1215,r
1216,a
1217,b
1218,l
1219,e
1220,r
1221,o
1222,j
1223,e
1224,c
1225,t
1226,i
1227,o
1228,n
1229,s
1230,c
1231,c
1232,o
1233,u
1234,n
1235,t
1236,a
1237,b
1238,i
1239,l
1240,i
1241,t
1242,y
1243,a
1244,b
1245,u
1246,l
1247,o
1248,u
1249,s
1250,l
1251,y
1252,m
1253,b
1254,r
1255,a
1256,c
1257,e
1258,s
1259,c
1260,c
1261,o
1262,u
1263,n
1264,t
1265,a
1266,b
1267,i
1268,l
1269,i
1270,t
1271,y
1272,a
1273,f
1274,e
1275,t
1276,e
1277,r
1278,i
1279,a
1280,o
1281,m
1282,p
1283,l
1284,e
1285,x
1286,p
1287,p
1288,r
1289,o
1290,a
1291,c
1292,h
1293,i
1294,n
1295,g
1296,r
1297,i
1298,g
1299,h
1300,t
1301,f
1302,u
1303,l
1304,l
1305,y
1306,o
1307,m
1308,m
1309,a
1310,n
1311,d
1312,i
1313,n
1314,g
1315,r
1316,i
1317,g
1318,h
1319,t
1320,f
1321,u
1322,l
1323,l
1324,y
1325,o
1326,r
1327,m
1328,a
1329,l
1330,i
1331,z
1332,a
1333,t
1334,i
1335,o
1336,n
1337,e
1338,n
1339,u
1340,e
1341,n
1342,u
1343,p
1344,p
1345,r
1346,o
1347,a
1348,c
1349,h
1350,i
1351,n
1352,g
1353,u
1354,g
1355,g
1356,i
1357,n
1358,g
1359,k
1360,i
1361,i
1362,n
1363,g
1364,n
1365,w
1366,o
1367,r
1368,k
1369,a
1370,b
1371,l
1372,e
1373,w
1374,a
1375,b
1376,n
1377,n
1378,o
1379,u
1380,n
1381,c
1382,i
1383,n
1384,g
1385,c
1386,k
1387,n
1388,o
1389,w
1390,l
1391,e
1392,d
1393,g
1394,e
1395,m
1396,e
1397,n
1398,t
1399,n
1400,v
1401,u
1402,l
1403,n
1404,e
1405,r
1406,a
1407,b
1408,l
1409,e
1410,u
1411,r
1412,r
1413,o
1414,u
1415,n
1416,d
1417,e
1418,d
1419,a
1420,x
1421,i
1422,e
1423,o
1424,g
1425,r
1426,a
1427,p
1428,h
1429,y
1430,n
1431,c
1432,o
1433,n
1434,s
1435,e
1436,q
1437,u
1438,e
1439,n
1440,t
1441,i
1442,a
1443,l
1444,e
1445,c
1446,l
1447,a
1448,r
1449,i
1450,n
1451,g
1452,a
1453,b
1454,u
1455,l
1456,o
1457,u
1458,s
1459,l
1460,y
1461,i
1462,d
1463,d
1464,i
1465,n
1466,g
1467,e
1468,a
1469,r
1470,b
1471,o
1472,o
1473,k
1474,a
1475,n
1476,q
1477,u
1478,i
1479,s
1480,h
1481,a
1482,f
1483,e
1484,t
1485,e
1486,r
1487,i
1488,a
1489,o
1490,m
1491,p
1492,a
1493,r
1494,a
1495,t
1496,i
1497,v
1498,e
1499,l
1500,y
1501,o
1502,m
1503,m
1504,a
1505,n
1506,d
1507,i
1508,n
1509,g
1510,o
1511,m
1512,m
1513,a
1514,n
1515,d
1516,i
1517,n
1518,g
1519,w
1520,a
1521,b
1522,k
1523,i
1524,i
1525,n
1526,g
1527,e
1528,a
1529,r
1530,b
1531,o
1532,o
1533,k
1534,a
1535,k
1536,e
1537,u
1538,z
1539,z
1540,l
1541,e
1542,m
1543,e
1544,n
1545,t
1546,n
1547,n
1548,o
1549,u
1550,n
1551,c
1552,i
1553,n
1554,g
1555,n
1556,w
1557,o
1558,r
1559,k
1560,a
1561,b
1562,l
1563,e
1564,u
1565,z
1566,z
1567,e
1568,e
1569,k
1570,e
1571,r
1572,n
1573,w
1574,o
1575,r
1576,k
1577,a
1578,b
1579,l
1580,e
1581,r
1582,o
1583,j
1584,e
1585,c
1586,t
1587,i
1588,o
1589,n
1590,s
1591,a
1592,b
1593,u
1594,l
1595,o
1596,u
1597,s
1598,l
1599,y
1600,e
1601,e
1602,k
1603,e
1604,r
1605,n
1606,n
1607,o
1608,u
1609,n
1610,c
1611,i
1612,n
1613,g
1614,i
1615,s
1616,q
1617,u
1618,a
1619,l
1620,i
1621,f
1622,i
1623,e
1624,d
1625,i
1626,d
1627,d
1628,i
1629,n
1630,g
1631,a
1632,t
1633,e
1634,k
1635,i
1636,i
1637,n
1638,g
1639,e
1640,c
1641,l
1642,a
1643,r
1644,i
1645,n
1646,g
1647,u
1648,z
1649,z
1650,l
1651,e
1652,m
1653,e
1654,n
1655,t
1656,o
1657,b
1658,b
1659,l
1660,e
1661,r
1662,i
1663,g
1664,h
1665,t
1666,f
1667,u
1668,l
1669,l
1670,y
1671,k
1672,i
1673,i
1674,n
1675,g
1676,a
1677,t
1678,e
1679,g
1680,o
1681,n
1682,i
1683,z
1684,i
1685,n
1686,g
1687,l
1688,y
1689,a
1690,t
1691,e
1692,e
1693,n
1694,u
1695,p
1696,o
1697,i
1698,l
1699,i
1700,n
1701,g
1702,o
1703,m
1704,m
1705,a
1706,n
1707,d
1708,i
1709,n
1710,g
1711,o
1712,v
1713,e
1714,r
1715,n
1716,i
1717,n
1718,g
1719,u
1720,m
1721,p
1722,a
1723,n
1724,q
1725,u
1726,i
1727,s
1728,h
1729,o
1730,m
1731,p
1732,l
1733,e
1734,x
1735,n
1736,v
1737,u
1738,l
1739,n
1740,e
1741,r
1742,a
1743,b
1744,l
1745,e
1746,u
1747,m
1748,p
1749,u
1750,f
1751,f
1752,r
1753,a
1754,n
1755,s
1756,f
1757,o
1758,r
1759,m
1760,a
1761,k
1762,e
1763,o
1764,m
1765,m
1766,a
1767,n
1768,d
1769,i
1770,n
1771,g
1772,a
1773,t
1774,e
1775,e
1776,a
1777,r
1778,b
1779,o
1780,o
1781,k
1782,n
1783,n
1784,o
1785,u
1786,n
1787,c
1788,i
1789,n
1790,g
1791,i
1792,d
1793,d
1794,i
1795,n
1796,g
1797,u
1798,r
1799,r
1800,o
1801,u
1802,n
1803,d
1804,e
1805,d
1806,n
1807,w
1808,o
1809,r
1810,k
1811,a
1812,b
1813,l
1814,e
1815,u
1816,z
1817,z
1818,l
1819,e
1820,m
1821,e
1822,n
1823,t
1824,h
1825,a
1826,d
1827,o
1828,w
1829,e
1830,a
1831,r
1832,b
1833,o
1834,o
1835,k
1836,e
1837,a
1838,r
1839,b
1840,o
1841,o
1842,k
1843,e
1844,e
1845,k
1846,e
1847,r
1848,n
1849,c
1850,o
1851,m
1852,f
1853,o
1854,r
1855,t
1856,a
1857,b
1858,l
1859,y
1860,c
1861,k
1862,n
1863,o
1864,w
1865,l
1866,e
1867,d
1868,g
1869,e
1870,m
1871,e
1872,n
1873,t
1874,o
1875,m
1876,p
1877,a
1878,r
1879,a
1880,t
1881,i
1882,v
1883,e
1884,l
1885,y
1886,e
1887,v
1888,v
1889,i
1890,n
1891,g
1892,a
1893,b
1894,u
1895,l
1896,o
1897,u
1898,s
1899,l
1900,y
1901,e
1902,j
1903,u
1904,v
1905,e
1906,n
1907,a
1908,t
1909,i
1910,n
1911,g
1912,u
1913,s
1914,t
1915,i
1916,f
1917,i
1918,c
1919,a
1920,t
1921,i
1922,o
1923,n
1924,s
1925,n
1926,e
1927,x
1928,p
1929,e
1930,c
1931,t
1932,e
1933,d
1934,u
1935,m
1936,p
1937,w
1938,a
1939,b
1940,a
1941,x
1942,i
1943,o
1944,m
1945,p
1946,l
1947,e
1948,x
1949,y
1950,m
1951,p
1952,a
1953,t
1954,h
1955,e
1956,t
1957,i
1958,c
1959,a
1960,l
1961,l
1962,y
1963,u
1964,s
1965,g
1966,e
1967,n
1968,u
1969,r
1970,a
1971,n
1972,s
1973,f
1974,o
1975,r
1976,m
1977,h
1978,a
1979,d
1980,o
1981,w
1982,o
1983,b
1984,b
1985,l
1986,e
1987,w
1988,a
1989,b
1990,n
1991,v
1992,u
1993,l
1994,n
1995,e
1996,r
1997,a
1998,b
1999,l
2000,e
2001,u
2002,i
2003,z
2004,z
2005,i
2006,c
2007,a
2008,l
2009,l
2010,y
2011,a
2012,t
2013,e
2014,a
2015,t
2016,e
2017,m
2018,b
2019,r
2020,a
2021,c
2022,e
2023,s
2024,a
2025,b
2026,u
2027,l
2028,o
2029,u
2030,s
2031,l
2032,y
2033,a
2034,b
2035,u
2036,l
2037,o
2038,u
2039,s
2040,l
2041,y
2042,n
2043,d
2044,u
2045,s
2046,t
2047,r
2048,i
2049,a
2050,l
2051,i
2052,z
2053,e
2054,d
2055,o
2056,m
2057,m
2058,a
2059,n
2060,d
2061,i
2062,n
2063,g
2064,p
2065,p
2066,r
2067,o
2068,a
2069,c
2070,h
2071,i
2072,n
2073,g
2074,n
2075,n
2076,o
2077,u
2078,n
2079,c
2080,i
2081,n
2082,g
2083,u
2084,r
2085,r
2086,o
2087,u
2088,n
2089,d
2090,e
2091,d
2092,u
2093,g
2094,g
2095,i
2096,n
2097,g
2098,c
2099,c
2100,o
2101,u
2102,n
2103,t
2104,a
2105,b
2106,i
2107,l
2108,i
2109,t
2110,y
2111,c
2112,c
2113,o
2114,u
2115,n
2116,t
2117,a
2118,b
2119,i
2120,l
2121,i
2122,t
2123,y
2124,n
2125,v
2126,u
2127,l
2128,n
2129,e
2130,r
2131,a
2132,b
2133,l
2134,e
2135,u
2136,s
2137,t
2138,i
2139,f
2140,i
2141,c
2142,a
2143,t
2144,i
2145,o
2146,n
2147,s
2148,u
2149,r
2150,r
2151,o
2152,u
2153,n
2154,d
2155,e
2156,d
2157,e
2158,j
2159,u
2160,v
2161,e
2162,n
2163,a
2164,t
2165,i
2166,n
2167,g
2168,e
2169,o
2170,g
2171,r
2172,a
2173,p
2174,h
2175,y
2176,m
2177,i
2178,t
2179,t
2180,e
2181,d
2182,a
2183,c
2184,k
2185,i
2186,n
2187,g
2188,p
2189,o
2190,i
2191,l
2192,i
2193,n
2194,g
2195,o
2196,v
2197,e
2198,r
2199,n
2200,i
2201,n
2202,g
2203,p
2204,o
2205,i
2206,l
2207,i
2208,n
2209,g
2210,u
2211,m
2212,p
2213,m
2214,b
2215,r
2216,a
2217,c
2218,e
2219,s
2220,o
2221,m
2222,p
2223,a
2224,r
2225,a
2226,t
2227,i
2228,v
2229,e
2230,l
2231,y
2232,e
2233,o
2234,g
2235,r
2236,a
2237,p
2238,h
2239,y
2240,e
2241,r
2242,o
2243,a
2244,b
2245,u
2246,l
2247,o
2248,u
2249,s
2250,l
2251,y
2252,a
2253,b
2254,u
2255,l
2256,o
2257,u
2258,s
2259,l
2260,y
2261,u
2262,g
2263,g
2264,i
2265,n
2266,g
2267,u
2268,z
2269,z
2270,e
2271,o
2272,g
2273,r
2274,a
2275,p
2276,h
2277,y
2278,u
2279,r
2280,r
2281,o
2282,u
2283,n
2284,d
2285,e
2286,d
2287,o
2288,r
2289,m
2290,a
2291,l
2292,i
2293,z
2294,a
2295,t
2296,i
2297,o
2298,n
2299,u
2300,m
2301,p
2302,n
2303,e
2304,x
2305,p
2306,e
2307,c
2308,t
2309,e
2310,d
2311,o
2312,r
2313,m
2314,a
2315,l
2316,i
2317,z
2318,a
2319,t
2320,i
2321,o
2322,n
2323,o
2324,m
2325,p
2326,l
2327,e
2328,x
2329,n
2330,d
2331,u
2332,s
2333,t
2334,r
2335,i
2336,a
2337,l
2338,i
2339,z
2340,e
2341,d
2342,m
2343,b
2344,r
2345,a
2346,c
2347,e
2348,s
2349,n
2350,n
2351,o
2352,u
2353,n
2354,c
2355,i
2356,n
2357,g
2358,u
2359,m
2360,p
2361,p
2362,o
2363,i
2364,l
2365,i
2366,n
2367,g
2368,u
2369,m
2370,p
2371,e
2372,c
2373,l
2374,a
2375,r
2376,i
2377,n
2378,g
2379,o
2380,v
2381,e
2382,r
2383,n
2384,i
2385,n
2386,g
2387,i
2388,d
2389,d
2390,i
2391,n
2392,g
2393,u
2394,z
2395,z
2396,o
2397,b
2398,b
2399,l
2400,e
2401,n
2402,c
2403,o
2404,n
2405,s
2406,e
2407,q
2408,u
2409,e
2410,n
2411,t
2412,i
2413,a
2414,l
2415,n
2416,e
2417,x
2418,p
2419,e
2420,c
2421,t
2422,e
2423,d
2424,e
2425,j
2426,u
2427,v
2428,e
2429,n
2430,a
2431,t
2432,i
2433,n
2434,g
2435,n
2436,d
2437,u
2438,s
2439,t
2440,r
2441,i
2442,a
2443,l
2444,i
2445,z
2446,e
2447,d
2448,c
2449,c
2450,o
2451,u
2452,n
2453,t
2454,a
2455,b
2456,i
2457,l
2458,i
2459,t
2460,y
2461,p
2462,p
2463,r
2464,o
2465,a
2466,c
2467,h
2468,i
2469,n
2470,g
2471,e
2472,o
2473,g
2474,r
2475,a
2476,p
2477,h
2478,y
2479,u
2480,m
2481,p
2482,a
2483,b
2484,u
2485,l
2486,o
2487,u
2488,s
2489,l
2490,y
2491,u
2492,z
2493,c
2494,o
2495,u
2496,n
2497,j
2498,s
2499,d
2500,e
2501,a
2502,r
2503,b
2504,o
2505,o
2506,k
2507,w
2508,a
2509,b
2510,n
2511,c
2512,o
2513,n
2514,s
2515,e
2516,q
2517,u
2518,e
2519,n
2520,t
2521,i
2522,a
2523,l
2524,m
2525,b
2526,r
2527,a
2528,c
2529,e
2530,s
2531,u
2532,z
2533,z
2534,l
2535,e
2536,m
2537,e
2538,n
2539,t
2540,a
2541,t
2542,e
2543,y
2544,m
2545,p
2546,a
2547,t
2548,h
2549,e
2550,t
2551,i
2552,c
2553,a
2554,l
2555,l
2556,y
2557,a
2558,t
2559,e
2560,i
2561,d
2562,d
2563,i
2564,n
2565,g
2566,r
2567,a
2568,n
2569,s
2570,f
2571,o
2572,r
2573,m
2574,n
2575,e
2576,x
2577,p
2578,e
2579,c
2580,t
2581,e
2582,d
2583,n
2584,c
2585,o
2586,m
2587,f
2588,o
2589,r
2590,t
2591,a
2592,b
2593,l
2594,y
2595,n
2596,v
2597,u
2598,l
2599,n
2600,e
2601,r
2602,a
2603,b
2604,l
2605,e
2606,i
2607,d
2608,d
2609,i
2610,n
2611,g
2612,a
2613,t
2614,e
2615,e
2616,r
2617,o
2618,m
2619,i
2620,t
2621,t
2622,e
2623,d
2624,e
2625,r
2626,o
2627,e
2628,c
2629,l
2630,a
2631,r
2632,i
2633,n
2634,g
2635,k
2636,i
2637,i
2638,n
2639,g
2640,u
2641,s
2642,t
2643,i
2644,f
2645,i
2646,c
2647,a
2648,t
2649,i
2650,o
2651,n
2652,s
2653,y
2654,l
2655,o
2656,p
2657,h
2658,o
2659,n
2660,e
2661,o
2662,l
2663,c
2664,a
2665,n
2666,i
2667,c
2668,a
2669,c
2670,k
2671,i
2672,n
2673,g
2674,o
2675,r
2676,m
2677,a
2678,l
2679,i
2680,z
2681,a
2682,t
2683,i
2684,o
2685,n
2686,g
2687,o
2688,n
2689,i
2690,z
2691,i
2692,n
2693,g
2694,l
2695,y
2696,k
2697,i
2698,i
2699,n
2700,g
2701,n
2702,n
2703,o
2704,u
2705,n
2706,c
2707,i
2708,n
2709,g
2710,a
2711,t
2712,e
2713,c
2714,k
2715,n
2716,o
2717,w
2718,l
2719,e
2720,d
2721,g
2722,e
2723,m
2724,e
2725,n
2726,t
2727,i
2728,s
2729,q
2730,u
2731,a
2732,l
2733,i
2734,f
2735,i
2736,e
2737,d
2738,u
2739,f
2740,f
2741,a
2742,b
2743,u
2744,l
2745,o
2746,u
2747,s
2748,l
2749,y
2750,u
2751,f
2752,f
2753,m
2754,b
2755,r
2756,a
2757,c
2758,e
2759,s
2760,i
2761,s
2762,q
2763,u
2764,a
2765,l
2766,i
2767,f
2768,i
2769,e
2770,d
2771,u
2772,m
2773,p
2774,y
2775,l
2776,o
2777,p
2778,h
2779,o
2780,n
2781,e
2782,o
2783,m
2784,p
2785,a
2786,r
2787,a
2788,t
2789,i
2790,v
2791,e
2792,l
2793,y
2794,e
2795,j
2796,u
2797,v
2798,e
2799,n
2800,a
2801,t
2802,i
2803,n
2804,g
2805,h
2806,a
2807,d
2808,o
2809,w
2810,n
2811,d
2812,u
2813,s
2814,t
2815,r
2816,i
2817,a
2818,l
2819,i
2820,z
2821,e
2822,d
2823,t
2824,t
2825,z
2826,o
2827,b
2828,b
2829,l
2830,e
2831,o
2832,l
2833,c
2834,a
2835,n
2836,i
2837,c
2838,a
2839,c
2840,k
2841,i
2842,n
2843,g
2844,e
2845,e
2846,k
2847,e
2848,r
2849,a
2850,f
2851,e
2852,t
2853,e
2854,r
2855,i
2856,a
2857,u
2858,m
2859,p
2860,g
2861,o
2862,n
2863,i
2864,z
2865,i
2866,n
2867,g
2868,l
2869,y
2870,p
2871,o
2872,i
2873,l
2874,i
2875,n
2876,g
2877,p
2878,o
2879,i
2880,l
2881,i
2882,n
2883,g
2884,u
2885,g
2886,g
2887,i
2888,n
2889,g
2890,u
2891,i
2892,z
2893,z
2894,i
2895,c
2896,a
2897,l
2898,l
2899,y
2900,e
2901,n
2902,u
2903,a
2904,k
2905,e
2906,c
2907,k
2908,n
2909,o
2910,w
2911,l
2912,e
2913,d
2914,g
2915,e
2916,m
2917,e
2918,n
2919,t
2920,o
2921,r
2922,m
2923,a
2924,l
2925,i
2926,z
2927,a
2928,t
2929,i
2930,o
2931,n
2932,h
2933,a
2934,d
2935,o
2936,w
2937,a
2938,f
2939,e
2940,t
2941,e
2942,r
2943,i
2944,a
2945,e
2946,v
2947,v
2948,i
2949,n
2950,g
2951,p
2952,o
2953,i
2954,l
2955,i
2956,n
2957,g
2958,w
2959,n
2960,o
2961,i
2962,d
2963,d
2964,i
2965,n
2966,g
2967,n
2968,n
2969,o
2970,u
2971,n
2972,c
2973,i
2974,n
2975,g
2976,e
2977,r
2978,o
2979,a
2980,x
2981,i
2982,u
2983,z
2984,z
2985,n
2986,n
2987,o
2988,u
2989,n
2990,c
2991,i
2992,n
2993,g
2994,c
2995,c
2996,o
2997,u
2998,n
2999,t
3000,a
3001,b
3002,i
3003,l
3004,i
3005,t
3006,y
3007,e
3008,c
3009,o
3010,m
3011,p
3012,r
3013,e
3014,s
3015,s
3016,u
3017,z
3018,z
3019,l
3020,e
3021,m
3022,e
3023,n
3024,t
3025,n
3026,d
3027,u
3028,s
3029,t
3030,r
3031,i
3032,a
3033,l
3034,i
3035,z
3036,e
3037,d
3038,i
3039,s
3040,q
3041,u
3042,a
3043,l
3044,i
3045,f
3046,i
3047,e
3048,d
3049,n
3050,v
3051,u
3052,l
3053,n
3054,e
3055,r
3056,a
3057,b
3058,l
3059,e
3060,e
3061,z
3062,r
3063,b
3064,m
3065,e
3066,k
3067,n
3068,e
3069,x
3070,p
3071,e
3072,c
3073,t
3074,e
3075,d
3076,u
3077,s
3078,t
3079,i
3080,f
3081,i
3082,c
3083,a
3084,t
3085,i
3086,o
3087,n
3088,s
3089,e
3090,e
3091,k
3092,e
3093,r
3094,n
3095,e
3096,x
3097,p
3098,e
3099,c
3100,t
3101,e
3102,d
3103,c
3104,c
3105,o
3106,u
3107,n
3108,t
3109,a
3110,b
3111,i
3112,l
3113,i
3114,t
3115,y
3116,a
3117,t
3118,e
3119,h
3120,a
3121,d
3122,o
3123,w
3124,u
3125,m
3126,p
3127,h
3128,a
3129,d
3130,o
3131,w
3132,o
3133,m
3134,p
3135,a
3136,r
3137,a
3138,t
3139,i
3140,v
3141,e
3142,l
3143,y
3144,u
3145,r
3146,r
3147,o
3148,u
3149,n
3150,d
3151,e
3152,d
3153,n
3154,c
3155,o
3156,n
3157,s
3158,e
3159,q
3160,u
3161,e
3162,n
3163,t
3164,i
3165,a
3166,l
3167,m
3168,i
3169,t
3170,t
3171,e
3172,d
3173,n
3174,e
3175,x
3176,p
3177,e
3178,c
3179,t
3180,e
3181,d
3182,u
3183,r
3184,r
3185,o
3186,u
3187,n
3188,d
3189,e
3190,d
3191,u
3192,z
3193,z
3194,l
3195,e
3196,m
3197,e
3198,n
3199,t
3200,e
3201,n
3202,u
3203,a
3204,f
3205,e
3206,t
3207,e
3208,r
3209,i
3210,a
3211,m
3212,b
3213,r
3214,a
3215,c
3216,e
3217,s
3218,e
3219,v
3220,v
3221,i
3222,n
3223,g
3224,w
3225,a
3226,b
3227,n
3228,v
3229,u
3230,l
3231,n
3232,e
3233,r
3234,a
3235,b
3236,l
3237,e
3238,m
3239,b
3240,r
3241,a
3242,c
3243,e
3244,s
3245,p
3246,p
3247,r
3248,o
3249,a
3250,c
3251,h
3252,i
3253,n
3254,g
3255,a
3256,t
3257,e
3258,o
3259,m
3260,m
3261,a
3262,n
3263,d
3264,i
3265,n
3266,g
3267,m
3268,i
3269,t
3270,t
3271,e
3272,d
3273,p
3274,o
3275,i
3276,l
3277,i
3278,n
3279,g
3280,e
3281,r
3282,o
3283,c
3284,c
3285,o
3286,u
3287,n
3288,t
3289,a
3290,b
3291,i
3292,l
3293,i
3294,t
3295,y
3296,u
3297,g
3298,g
3299,i
3300,n
3301,g
3302,k
3303,i
3304,i
3305,n
3306,g
3307,e
3308,v
3309,v
3310,i
3311,n
3312,g
3313,i
3314,s
3315,q
3316,u
3317,a
3318,l
3319,i
3320,f
3321,i
3322,e
3323,d
3324,c
3325,c
3326,o
3327,u
3328,n
3329,t
3330,a
3331,b
3332,i
3333,l
3334,i
3335,t
3336,y
3337,r
3338,i
3339,g
3340,h
3341,t
3342,f
3343,u
3344,l
3345,l
3346,y
3347,e
3348,a
3349,r
3350,b
3351,o
3352,o
3353,k
3354,o
3355,b
3356,b
3357,l
3358,e
3359,m
3360,b
3361,r
3362,a
3363,c
3364,e
3365,s
3366,e
3367,c
3368,o
3369,m
3370,p
3371,r
3372,e
3373,s
3374,s
3375,u
3376,f
3377,f
3378,p
3379,p
3380,r
3381,o
3382,a
3383,c
3384,h
3385,i
3386,n
3387,g
3388,e
3389,o
3390,g
3391,r
3392,a
3393,p
3394,h
3395,y
3396,m
3397,b
3398,r
3399,a
3400,c
3401,e
3402,s
3403,o
3404,v
3405,e
3406,r
3407,n
3408,i
3409,n
3410,g
3411,o
3412,l
3413,c
3414,a
3415,n
3416,i
3417,c
3418,u
3419,g
3420,g
3421,i
3422,n
3423,g
3424,k
3425,i
3426,i
3427,n
3428,g
3429,m
3430,i
3431,t
3432,t
3433,e
3434,d
3435,u
3436,z
3437,z
3438,a
3439,f
3440,e
3441,t
3442,e
3443,r
3444,i
3445,a
3446,y
3447,m
3448,p
3449,a
3450,t
3451,h
3452,e
3453,t
3454,i
3455,c
3456,a
3457,l
3458,l
3459,y
3460,e
3461,n
3462,u
3463,u
3464,s
3465,t
3466,i
3467,f
3468,i
3469,c
3470,a
3471,t
3472,i
3473,o
3474,n
3475,s
3476,u
3477,i
3478,z
3479,z
3480,i
3481,c
3482,a
3483,l
3484,l
3485,y
3486,r
3487,i
3488,g
3489,h
3490,t
3491,f
3492,u
3493,l
3494,l
3495,y
3496,e
3497,c
3498,o
3499,m
3500,p
3501,r
3502,e
3503,s
3504,s
3505,o
3506,v
3507,e
3508,r
3509,n
3510,i
3511,n
3512,g
3513,a
3514,n
3515,q
3516,u
3517,i
3518,s
3519,h
3520,m
3521,b
3522,r
3523,a
3524,c
3525,e
3526,s
3527,o
3528,m
3529,m
3530,a
3531,n
3532,d
3533,i
3534,n
3535,g
3536,o
3537,b
3538,b
3539,l
3540,e
3541,k
3542,i
3543,i
3544,n
3545,g
3546,y
3547,m
3548,p
3549,a
3550,t
3551,h
3552,e
3553,t
3554,i
3555,c
3556,a
3557,l
3558,l
3559,y
3560,e
3561,r
3562,o
3563,p
3564,o
3565,i
3566,l
3567,i
3568,n
3569,g
3570,r
3571,a
3572,n
3573,s
3574,f
3575,o
3576,r
3577,m
3578,e
3579,v
3580,v
3581,i
3582,n
3583,g
3584,u
3585,r
3586,r
3587,o
3588,u
3589,n
3590,d
3591,e
3592,d
3593,e
3594,c
3595,l
3596,a
3597,r
3598,i
3599,n
3600,g
3601,c
3602,k
3603,n
3604,o
3605,w
3606,l
3607,e
3608,d
3609,g
3610,e
3611,m
3612,e
3613,n
3614,t
3615,u
3616,r
3617,r
3618,o
3619,u
3620,n
3621,d
3622,e
3623,d
3624,n
3625,v
3626,u
3627,l
3628,n
3629,e
3630,r
3631,a
3632,b
3633,l
3634,e
3635,r
3636,r
3637,a
3638,k
3639,z
3640,f
3641,a
3642,l
3643,l
3644,y
3645,e
3646,c
3647,o
3648,m
3649,p
3650,r
3651,e
3652,s
3653,s
3654,a
3655,f
3656,e
3657,t
3658,e
3659,r
3660,i
3661,a
3662,e
3663,a
3664,r
3665,b
3666,o
3667,o
3668,k
3669,u
3670,f
3671,f
3672,n
3673,c
3674,o
3675,m
3676,f
3677,o
3678,r
3679,t
3680,a
3681,b
3682,l
3683,y
3684,e
3685,r
3686,o
3687,a
3688,k
3689,e
3690,a
3691,f
3692,e
3693,t
3694,e
3695,r
3696,i
3697,a
3698,o
3699,r
3700,m
3701,a
3702,l
3703,i
3704,z
3705,a
3706,t
3707,i
3708,o
3709,n
3710,e
3711,c
3712,o
3713,m
3714,p
3715,r
3716,e
3717,s
3718,s
3719,p
3720,o
3721,i
3722,l
3723,i
3724,n
3725,g
3726,n
3727,w
3728,o
3729,r
3730,k
3731,a
3732,b
3733,l
3734,e
3735,n
3736,d
3737,u
3738,s
3739,t
3740,r
3741,i
3742,a
3743,l
3744,i
3745,z
3746,e
3747,d
3748,e
3749,c
3750,l
3751,a
3752,r
3753,i
3754,n
3755,g
3756,i
3757,d
3758,d
3759,i
3760,n
3761,g
3762,a
3763,b
3764,u
3765,l
3766,o
3767,u
3768,s
3769,l
3770,y
3771,o
3772,m
3773,p
3774,l
3775,e
3776,x
3777,n
3778,c
3779,o
3780,m
3781,f
3782,o
3783,r
3784,t
3785,a
3786,b
3787,l
3788,y
3789,a
3790,k
3791,e
3792,e
3793,c
3794,o
3795,m
3796,p
3797,r
3798,e
3799,s
3800,s
3801,u
3802,m
3803,p
3804,i
3805,d
3806,d
3807,i
3808,n
3809,g
3810,i
3811,s
3812,q
3813,u
3814,a
3815,l
3816,i
3817,f
3818,i
3819,e
3820,d
3821,n
3822,n
3823,o
3824,u
3825,n
3826,c
3827,i
3828,n
3829,g
3830,a
3831,c
3832,k
3833,i
3834,n
3835,g
3836,n
3837,v
3838,u
3839,l
3840,n
3841,e
3842,r
3843,a
3844,b
3845,l
3846,e
3847,u
3848,g
3849,g
3850,i
3851,n
3852,g
3853,n
3854,n
3855,o
3856,u
3857,n
3858,c
3859,i
3860,n
3861,g
3862,e
3863,a
3864,r
3865,b
3866,o
3867,o
3868,k
3869,e
3870,c
3871,o
3872,m
3873,p
3874,r
3875,e
3876,s
3877,s
3878,h
3879,a
3880,d
3881,o
3882,w
3883,e
3884,r
3885,o
3886,o
3887,m
3888,p
3889,a
3890,r
3891,a
3892,t
3893,i
3894,v
3895,e
3896,l
3897,y
3898,e
3899,r
3900,o
3901,a
3902,n
3903,q
3904,u
3905,i
3906,s
3907,h
3908,u
3909,z
3910,z
3911,n
3912,e
3913,x
3914,p
3915,e
3916,c
3917,t
3918,e
3919,d
3920,a
3921,b
3922,u
3923,l
3924,o
3925,u
3926,s
3927,l
3928,y
3929,r
3930,a
3931,n
3932,s
3933,f
3934,o
3935,r
3936,m
3937,o
3938,m
3939,m
3940,a
3941,n
3942,d
3943,i
3944,n
3945,g
3946,e
3947,c
3948,l
3949,a
3950,r
3951,i
3952,n
3953,g
3954,a
3955,n
3956,q
3957,u
3958,i
3959,s
3960,h
3961,m
3962,b
3963,r
3964,a
3965,c
3966,e
3967,s
3968,h
3969,a
3970,d
3971,o
3972,w
3973,g
3974,o
3975,n
3976,i
3977,z
3978,i
3979,n
3980,g
3981,l
3982,y
3983,w
3984,a
3985,b
3986,n
3987,v
3988,u
3989,l
3990,n
3991,e
3992,r
3993,a
3994,b
3995,l
3996,e
3997,n
3998,c
3999,o
4000,n
4001,s
4002,e
4003,q
4004,u
4005,e
4006,n
4007,t
4008,i
4009,a
4010,l
4011,u
4012,z
4013,z
4014,l
4015,e
4016,m
4017,e
4018,n
4019,t
4020,a
4021,b
4022,u
4023,l
4024,o
4025,u
4026,s
4027,l
4028,y
4029,e
4030,j
4031,u
4032,v
4033,e
4034,n
4035,a
4036,t
4037,i
4038,n
4039,g
4040,o
4041,m
4042,p
4043,l
4044,e
4045,x
4046,y
4047,m
4048,p
4049,a
4050,t
4051,h
4052,e
4053,t
4054,i
4055,c
4056,a
4057,l
4058,l
4059,y
4060,o
4061,m
4062,p
4063,l
4064,e
4065,x
4066,e
4067,j
4068,u
4069,v
4070,e
4071,n
4072,a
4073,t
4074,i
4075,n
4076,g
4077,e
4078,c
4079,o
4080,m
4081,p
4082,r
4083,e
4084,s
4085,s
4086,o
4087,l
4088,c
4089,a
4090,n
4091,i
4092,c
4093,i
4094,s
4095,q
4096,u
4097,a
4098,l
4099,i
4100,f
4101,i
4102,e
4103,d
4104,h
4105,a
4106,d
4107,o
4108,w
4109,a
4110,f
4111,e
4112,t
4113,e
4114,r
4115,i
4116,a
4117,e
4118,r
4119,o
4120,a
4121,n
4122,q
4123,u
4124,i
4125,s
4126,h
4127,n
4128,n
4129,o
4130,u
4131,n
4132,c
4133,i
4134,n
4135,g
4136,m
4137,b
4138,r
4139,a
4140,c
4141,e
4142,s
4143,u
4144,z
4145,z
4146,l
4147,e
4148,m
4149,e
4150,n
4151,t
4152,u
4153,m
4154,p
4155,a
4156,x
4157,i
4158,m
4159,i
4160,t
4161,t
4162,e
4163,d
4164,a
4165,t
4166,e
4167,c
4168,c
4169,o
4170,u
4171,n
4172,t
4173,a
4174,b
4175,i
4176,l
4177,i
4178,t
4179,y
4180,r
4181,i
4182,g
4183,h
4184,t
4185,f
4186,u
4187,l
4188,l
4189,y
4190,r
4191,o
4192,j
4193,e
4194,c
4195,t
4196,i
4197,o
4198,n
4199,s
4200,n
4201,c
4202,o
4203,n
4204,s
4205,e
4206,q
4207,u
4208,e
4209,n
4210,t
4211,i
4212,a
4213,l
4214,u
4215,r
4216,r
4217,o
4218,u
4219,n
4220,d
4221,e
4222,d
4223,u
4224,i
4225,z
4226,z
4227,i
4228,c
4229,a
4230,l
4231,l
4232,y
4233,u
4234,g
4235,g
4236,i
4237,n
4238,g
4239,e
4240,o
4241,g
4242,r
4243,a
4244,p
4245,h
4246,y
4247,a
4248,n
4249,q
4250,u
4251,i
4252,s
4253,h
4254,k
4255,i
4256,i
4257,n
4258,g
4259,o
4260,m
4261,p
4262,a
4263,r
4264,a
4265,t
4266,i
4267,v
4268,e
4269,l
4270,y
4271,p
4272,o
4273,i
4274,l
4275,i
4276,n
4277,g
4278,o
4279,b
4280,b
4281,l
4282,e
4283,u
4284,s
4285,t
4286,i
4287,f
4288,i
4289,c
4290,a
4291,t
4292,i
4293,o
4294,n
4295,s
4296,u
4297,m
4298,p
4299,o
4300,l
4301,c
4302,a
4303,n
4304,i
4305,c
4306,e
4307,a
4308,r
4309,b
4310,o
4311,o
4312,k
4313,e
4314,n
4315,u
4316,u
4317,v
4318,i
4319,y
4320,m
4321,p
4322,a
4323,t
4324,h
4325,e
4326,t
4327,i
4328,c
4329,a
4330,l
4331,l
4332,y
4333,w
4334,a
4335,b
4336,c
4337,c
4338,o
4339,u
4340,n
4341,t
4342,a
4343,b
4344,i
4345,l
4346,i
4347,t
4348,y
4349,e
4350,e
4351,k
4352,e
4353,r
4354,u
4355,s
4356,t
4357,i
4358,f
4359,i
4360,c
4361,a
4362,t
4363,i
4364,o
4365,n
4366,s
4367,a
4368,k
4369,e
4370,w
4371,a
4372,b
4373,r
4374,o
4375,j
4376,e
4377,c
4378,t
4379,i
4380,o
4381,n
4382,s
4383,c
4384,c
4385,o
4386,u
4387,n
4388,t
4389,a
4390,b
4391,i
4392,l
4393,i
4394,t
4395,y
4396,n
4397,n
4398,o
4399,u
4400,n
4401,c
4402,i
4403,n
4404,g
4405,g
4406,o
4407,n
4408,i
4409,z
4410,i
4411,n
4412,g
4413,l
4414,y
4415,u
4416,m
4417,p
4418,u
4419,r
4420,r
4421,o
4422,u
4423,n
4424,d
4425,e
4426,d
4427,r
4428,o
4429,j
4430,e
4431,c
4432,t
4433,i
4434,o
4435,n
4436,s
4437,r
4438,o
4439,j
4440,e
4441,c
4442,t
4443,i
4444,o
4445,n
4446,s
4447,a
4448,b
4449,u
4450,l
4451,o
4452,u
4453,s
4454,l
4455,y
4456,u
4457,z
4458,z
4459,m
4460,b
4461,r
4462,a
4463,c
4464,e
4465,s
4466,w
4467,a
4468,b
4469,a
4470,n
4471,q
4472,u
4473,i
4474,s
4475,h
4476,u
4477,m
4478,p
4479,a
4480,f
4481,e
4482,t
4483,e
4484,r
4485,i
4486,a
4487,g
4488,o
4489,n
4490,i
4491,z
4492,i
4493,n
4494,g
4495,l
4496,y
4497,n
4498,v
4499,u
4500,l
4501,n
4502,e
4503,r
4504,a
4505,b
4506,l
4507,e
4508,n
4509,v
4510,u
4511,l
4512,n
4513,e
4514,r
4515,a
4516,b
4517,l
4518,e
4519,u
4520,z
4521,z
4522,l
4523,e
4524,m
4525,e
4526,n
4527,t
4528,o
4529,m
4530,m
4531,a
4532,n
4533,d
4534,i
4535,n
4536,g
4537,i
4538,s
4539,q
4540,u
4541,a
4542,l
4543,i
4544,f
4545,i
4546,e
4547,d
4548,a
4549,n
4550,q
4551,u
4552,i
4553,s
4554,h
4555,c
4556,c
4557,o
4558,u
4559,n
4560,t
4561,a
4562,b
4563,i
4564,l
4565,i
4566,t
4567,y
4568,e
4569,r
4570,o
4571,a
4572,b
4573,u
4574,l
4575,o
4576,u
4577,s
4578,l
4579,y
4580,e
4581,j
4582,u
4583,v
4584,e
4585,n
4586,a
4587,t
4588,i
4589,n
4590,g
4591,w
4592,a
4593,b
4594,u
4595,f
4596,f
4597,o
4598,m
4599,p
4600,a
4601,r
4602,a
4603,t
4604,i
4605,v
4606,e
4607,l
4608,y
4609,i
4610,d
4611,d
4612,i
4613,n
4614,g
4615,e
4616,o
4617,g
4618,r
4619,a
4620,p
4621,h
4622,y
4623,r
4624,o
4625,j
4626,e
4627,c
4628,t
4629,i
4630,o
4631,n
4632,s
4633,a
4634,c
4635,k
4636,i
4637,n
4638,g
4639,e
4640,c
4641,l
4642,a
4643,r
4644,i
4645,n
4646,g
4647,h
4648,a
4649,d
4650,o
4651,w
4652,a
4653,n
4654,q
4655,u
4656,i
4657,s
4658,h
4659,u
4660,m
4661,p
4662,a
4663,k
4664,e
4665,g
4666,o
4667,n
4668,i
4669,z
4670,i
4671,n
4672,g
4673,l
4674,y
4675,a
4676,n
4677,q
4678,u
4679,i
4680,s
4681,h
4682,n
4683,w
4684,o
4685,r
4686,k
4687,a
4688,b
4689,l
4690,e
4691,o
4692,b
4693,b
4694,l
4695,e
4696,u
4697,z
4698,z
4699,l
4700,e
4701,m
4702,e
4703,n
4704,t
4705,r
4706,i
4707,g
4708,h
4709,t
4710,f
4711,u
4712,l
4713,l
4714,y
4715,e
4716,e
4717,k
4718,e
4719,r
4720,o
4721,l
4722,c
4723,a
4724,n
4725,i
4726,c
4727,p
4728,o
4729,i
4730,l
4731,i
4732,n
4733,g
4734,e
4735,r
4736,o
4737,r
4738,i
4739,g
4740,h
4741,t
4742,f
4743,u
4744,l
4745,l
4746,y
4747,e
4748,e
4749,k
4750,e
4751,r
4752,a
4753,t
4754,e
4755,h
4756,a
4757,d
4758,o
4759,w
4760,p
4761,o
4762,i
4763,l
4764,i
4765,n
4766,g
4767,e
4768,j
4769,u
4770,v
4771,e
4772,n
4773,a
4774,t
4775,i
4776,n
4777,g
4778,u
4779,s
4780,t
4781,i
4782,f
4783,i
4784,c
4785,a
4786,t
4787,i
4788,o
4789,n
4790,s
4791,g
4792,o
4793,n
4794,i
4795,z
4796,i
4797,n
4798,g
4799,l
4800,y
4801,n
4802,n
4803,o
4804,u
4805,n
4806,c
4807,i
4808,n
4809,g
4810,n
4811,v
4812,u
4813,l
4814,n
4815,e
4816,r
4817,a
4818,b
4819,l
4820,e
4821,p
4822,p
4823,r
4824,o
4825,a
4826,c
4827,h
4828,i
4829,n
4830,g
4831,u
4832,z
4833,z
4834,o
4835,r
4836,m
4837,a
4838,l
4839,i
4840,z
4841,a
4842,t
4843,i
4844,o
4845,n
4846,a
4847,t
4848,e
4849,i
4850,d
4851,d
4852,i
4853,n
4854,g
4855,n
4856,c
4857,o
4858,n
4859,s
4860,e
4861,q
4862,u
4863,e
4864,n
4865,t
4866,i
4867,a
4868,l
4869,u
4870,z
4871,z
4872,l
4873,e
4874,m
4875,e
4876,n
4877,t
4878,o
4879,m
4880,p
4881,l
4882,e
4883,x
4884,n
4885,e
4886,x
4887,p
4888,e
4889,c
4890,t
4891,e
4892,d
4893,a
4894,t
4895,e
4896,e
4897,a
4898,r
4899,b
4900,o
4901,o
4902,k
4903,n
4904,w
4905,o
4906,r
4907,k
4908,a
4909,b
4910,l
4911,e
4912,e
4913,v
4914,v
4915,i
4916,n
4917,g
4918,g
4919,o
4920,n
4921,i
4922,z
4923,i
4924,n
4925,g
4926,l
4927,y
4928,a
4929,k
4930,e
4931,p
4932,p
4933,r
4934,o
4935,a
4936,c
4937,h
4938,i
4939,n
4940,g
4941,r
4942,a
4943,n
4944,s
4945,f
4946,o
4947,r
4948,m
4949,u
4950,i
4951,z
4952,z
4953,i
4954,c
4955,a
4956,l
4957,l
4958,y
4959,e
4960,a
4961,r
4962,b
4963,o
4964,o
4965,k
4966,y
4967,l
4968,o
4969,p
4970,h
4971,o
4972,n
4973,e
4974,a
4975,x
4976,i
4977,u
4978,z
4979,z
4980,r
4981,i
4982,g
4983,h
4984,t
4985,f
4986,u
4987,l
4988,l
4989,y
4990,c
4991,c
4992,o
4993,u
4994,n
4995,t
4996,a
4997,b
4998,i
4999,l
5000,i
5001,t
5002,y
5003,u
5004,r
5005,r
5006,o
5007,u
5008,n
5009,d
5010,e
5011,d
5012,y
5013,l
5014,o
5015,p
5016,h
5017,o
5018,n
5019,e
5020,r
5021,i
5022,g
5023,h
5024,t
5025,f
5026,u
5027,l
5028,l
5029,y
5030,u
5031,z
5032,z
5033,l
5034,e
5035,m
5036,e
5037,n
5038,t
5039,c
5040,k
5041,n
5042,o
5043,w
5044,l
5045,e
5046,d
5047,g
5048,e
5049,m
5050,e
5051,n
5052,t
5053,e
5054,o
5055,g
5056,r
5057,a
5058,p
5059,h
5060,y
5061,o
5062,r
5063,m
5064,a
5065,l
5066,i
5067,z
5068,a
5069,t
5070,i
5071,o
5072,n
5073,a
5074,k
5075,e
5076,u
5077,g
5078,g
5079,i
5080,n
5081,g
5082,u
5083,m
5084,p
5085,c
5086,c
5087,o
5088,u
5089,n
5090,t
5091,a
5092,b
5093,i
5094,l
5095,i
5096,t
5097,y
5098,e
5099,a
5100,r
5101,b
5102,o
5103,o
5104,k
5105,u
5106,m
5107,p
5108,e
5109,v
5110,v
5111,i
5112,n
5113,g
5114,o
5115,r
5116,m
5117,a
5118,l
5119,i
5120,z
5121,a
5122,t
5123,i
5124,o
5125,n
5126,m
5127,i
5128,t
5129,t
5130,e
5131,d
5132,i
5133,s
5134,q
5135,u
5136,a
5137,l
5138,i
5139,f
5140,i
5141,e
5142,d
5143,u
5144,m
5145,p
5146,r
5147,o
5148,j
5149,e
5150,c
5151,t
5152,i
5153,o
5154,n
5155,s
5156,e
5157,c
5158,l
5159,a
5160,r
5161,i
5162,n
5163,g
5164,o
5165,m
5166,p
5167,a
5168,r
5169,a
5170,t
5171,i
5172,v
5173,e
5174,l
5175,y
5176,o
5177,r
5178,m
5179,a
5180,l
5181,i
5182,z
5183,a
5184,t
5185,i
5186,o
5187,n
5188,o
5189,l
5190,c
5191,a
5192,n
5193,i
5194,c
5195,p
5196,p
5197,r
5198,o
5199,a
5200,c
5201,h
5202,i
5203,n
5204,g
5205,e
5206,c
5207,o
5208,m
5209,p
5210,r
5211,e
5212,s
5213,s
5214,y
5215,m
5216,p
5217,a
5218,t
5219,h
5220,e
5221,t
5222,i
5223,c
5224,a
5225,l
5226,l
5227,y
5228,o
5229,b
5230,b
5231,l
5232,e
5233,n
5234,v
5235,u
5236,l
5237,n
5238,e
5239,r
5240,a
5241,b
5242,l
5243,e
5244,o
5245,l
5246,c
5247,a
5248,n
5249,i
5250,c
5251,r
5252,a
5253,n
5254,s
5255,f
5256,o
5257,r
5258,m
5259,w
5260,a
5261,b
5262,h
5263,a
5264,d
5265,o
5266,w
5267,c
5268,k
5269,n
5270,o
5271,w
5272,l
5273,e
5274,d
5275,g
5276,e
5277,m
5278,e
5279,n
5280,t
5281,u
5282,f
5283,f
5284,n
5285,v
5286,u
5287,l
5288,n
5289,e
5290,r
5291,a
5292,b
5293,l
5294,e
5295,o
5296,v
5297,e
5298,r
5299,n
5300,i
5301,n
5302,g
5303,u
5304,f
5305,f
5306,a
5307,f
5308,e
5309,t
5310,e
5311,r
5312,i
5313,a
5314,h
5315,a
5316,d
5317,o
5318,w
5319,e
5320,r
5321,o
5322,e
5323,c
5324,l
5325,a
5326,r
5327,i
5328,n
5329,g
5330,n
5331,v
5332,u
5333,l
5334,n
5335,e
5336,r
5337,a
5338,b
5339,l
5340,e
5341,p
5342,p
5343,r
5344,o
5345,a
5346,c
5347,h
5348,i
5349,n
5350,g
5351,a
5352,b
5353,u
5354,l
5355,o
5356,u
5357,s
5358,l
5359,y
5360,n
5361,c
5362,o
5363,m
5364,f
5365,o
5366,r
5367,t
5368,a
5369,b
5370,l
5371,y
5372,n
5373,w
5374,o
5375,r
5376,k
5377,a
5378,b
5379,l
5380,e
5381,c
5382,c
5383,o
5384,u
5385,n
5386,t
5387,a
5388,b
5389,i
5390,l
5391,i
5392,t
5393,y
5394,a
5395,f
5396,e
5397,t
5398,e
5399,r
5400,i
5401,a
5402,o
5403,l
5404,c
5405,a
5406,n
5407,i
5408,c
5409,n
5410,e
5411,x
5412,p
5413,e
5414,c
5415,t
5416,e
5417,d
5418,a
5419,b
5420,u
5421,l
5422,o
5423,u
5424,s
5425,l
5426,y
5427,u
5428,i
5429,z
5430,z
5431,i
5432,c
5433,a
5434,l
5435,l
5436,y
5437,u
5438,r
5439,r
5440,o
5441,u
5442,n
5443,d
5444,e
5445,d
5446,n
5447,c
5448,o
5449,m
5450,f
5451,o
5452,r
5453,t
5454,a
5455,b
5456,l
5457,y
5458,a
5459,n
5460,q
5461,u
5462,i
5463,s
5464,h
5465,e
5466,v
5467,v
5468,i
5469,n
5470,g
5471,p
5472,p
5473,r
5474,o
5475,a
5476,c
5477,h
5478,i
5479,n
5480,g
5481,u
5482,i
5483,z
5484,z
5485,i
5486,c
5487,a
5488,l
5489,l
5490,y
5491,k
5492,c
5493,o
5494,e
5495,a
5496,o
5497,n
5498,e
5499,u
5500,g
5501,g
5502,i
5503,n
5504,g
5505,a
5506,x
5507,i
5508,w
5509,a
5510,b
5511,o
5512,m
5513,m
5514,a
5515,n
5516,d
5517,i
5518,n
5519,g
5520,r
5521,a
5522,n
5523,s
5524,f
5525,o
5526,r
5527,m
5528,w
5529,a
5530,b
5531,o
5532,r
5533,m
5534,a
5535,l
5536,i
5537,z
5538,a
5539,t
5540,i
5541,o
5542,n
5543,e
5544,n
5545,u
5546,e
5547,a
5548,r
5549,b
5550,o
5551,o
5552,k
5553,o
5554,l
5555,c
5556,a
5557,n
5558,i
5559,c
5560,a
5561,n
5562,q
5563,u
5564,i
5565,s
5566,h
5567,g
5568,o
5569,n
5570,i
5571,z
5572,i
5573,n
5574,g
5575,l
5576,y
5577,n
5578,w
5579,o
5580,r
5581,k
5582,a
5583,b
5584,l
5585,e
5586,e
5587,c
5588,l
5589,a
5590,r
5591,i
5592,n
5593,g
5594,u
5595,z
5596,z
5597,n
5598,n
5599,o
5600,u
5601,n
5602,c
5603,i
5604,n
5605,g
5606,o
5607,m
5608,p
5609,l
5610,e
5611,x
5612,h
5613,a
5614,d
5615,o
5616,w
5617,o
5618,m
5619,p
5620,a
5621,r
5622,a
5623,t
5624,i
5625,v
5626,e
5627,l
5628,y
5629,u
5630,m
5631,p
5632,u
5633,z
5634,z
5635,e
5636,a
5637,r
5638,b
5639,o
5640,o
5641,k
5642,p
5643,p
5644,r
5645,o
5646,a
5647,c
5648,h
5649,i
5650,n
5651,g
5652,e
5653,r
5654,o
5655,p
5656,o
5657,i
5658,l
5659,i
5660,n
5661,g
5662,e
5663,j
5664,u
5665,v
5666,e
5667,n
5668,a
5669,t
5670,i
5671,n
5672,g
5673,o
5674,m
5675,p
5676,l
5677,e
5678,x
5679,u
5680,s
5681,t
5682,i
5683,f
5684,i
5685,c
5686,a
5687,t
5688,i
5689,o
5690,n
5691,s
5692,i
5693,s
5694,q
5695,u
5696,a
5697,l
5698,i
5699,f
5700,i
5701,e
5702,d
5703,o
5704,m
5705,p
5706,l
5707,e
5708,x
5709,n
5710,v
5711,u
5712,l
5713,n
5714,e
5715,r
5716,a
5717,b
5718,l
5719,e
5720,u
5721,z
5722,z
5723,l
5724,e
5725,m
5726,e
5727,n
5728,t
5729,r
5730,o
5731,j
5732,e
5733,c
5734,t
5735,i
5736,o
5737,n
5738,s
5739,p
5740,o
5741,i
5742,l
5743,i
5744,n
5745,g
5746,o
5747,b
5748,b
5749,l
5750,e
5751,o
5752,m
5753,p
5754,a
5755,r
5756,a
5757,t
5758,i
5759,v
5760,e
5761,l
5762,y
5763,h
5764,a
5765,d
5766,o
5767,w
5768,u
5769,f
5770,f
5771,a
5772,x
5773,i
5774,e
5775,c
5776,l
5777,a
5778,r
5779,i
5780,n
5781,g
5782,e
5783,r
5784,o
5785,n
5786,w
5787,o
5788,r
5789,k
5790,a
5791,b
5792,l
5793,e
5794,w
5795,a
5796,b
5797,u
5798,z
5799,z
5800,l
5801,e
5802,m
5803,e
5804,n
5805,t
5806,a
5807,c
5808,k
5809,i
5810,n
5811,g
5812,p
5813,o
5814,i
5815,l
5816,i
5817,n
5818,g
5819,e
5820,o
5821,g
5822,r
5823,a
5824,p
5825,h
5826,y
5827,c
5828,k
5829,n
5830,o
5831,w
5832,l
5833,e
5834,d
5835,g
5836,e
5837,m
5838,e
5839,n
5840,t
5841,u
5842,i
5843,z
5844,z
5845,i
5846,c
5847,a
5848,l
5849,l
5850,y
5851,w
5852,a
5853,b
5854,e
5855,c
5856,l
5857,a
5858,r
5859,i
5860,n
5861,g
5862,i
5863,s
5864,q
5865,u
5866,a
5867,l
5868,i
5869,f
5870,i
5871,e
5872,d
5873,o
5874,m
5875,m
5876,a
5877,n
5878,d
5879,i
5880,n
5881,g
5882,e
5883,o
5884,g
5885,r
5886,a
5887,p
5888,h
5889,y
5890,r
5891,i
5892,g
5893,h
5894,t
5895,f
5896,u
5897,l
5898,l
5899,y
5900,e
5901,a
5902,r
5903,b
5904,o
5905,o
5906,k
5907,u
5908,r
5909,r
5910,o
5911,u
5912,n
5913,d
5914,e
5915,d
5916,o
5917,v
5918,e
5919,r
5920,n
5921,i
5922,n
5923,g
5924,e
5925,e
5926,k
5927,e
5928,r
5929,n
5930,n
5931,o
5932,u
5933,n
5934,c
5935,i
5936,n
5937,g
5938,w
5939,a
5940,b
5941,r
5942,o
5943,j
5944,e
5945,c
5946,t
5947,i
5948,o
5949,n
5950,s
5951,y
5952,l
5953,o
5954,p
5955,h
5956,o
5957,n
5958,e
5959,h
5960,a
5961,d
5962,o
5963,w
5964,h
5965,a
5966,d
5967,o
5968,w
5969,r
5970,i
5971,g
5972,h
5973,t
5974,f
5975,u
5976,l
5977,l
5978,y
5979,u
5980,i
5981,z
5982,z
5983,i
5984,c
5985,a
5986,l
5987,l
5988,y
5989,i
5990,d
5991,d
5992,i
5993,n
5994,g
5995,o
5996,v
5997,e
5998,r
5999,n
6000,i
6001,n
6002,g
6003,n
6004,w
6005,o
6006,r
6007,k
6008,a
6009,b
6010,l
6011,e
6012,u
6013,i
6014,z
6015,z
6016,i
6017,c
6018,a
6019,l
6020,l
6021,y
6022,c
6023,c
6024,o
6025,u
6026,n
6027,t
6028,a
6029,b
6030,i
6031,l
6032,i
6033,t
6034,y
6035,k
6036,i
6037,i
6038,n
6039,g
6040,a
6041,t
6042,e
6043,p
6044,o
6045,i
6046,l
6047,i
6048,n
6049,g
6050,a
6051,f
6052,e
6053,t
6054,e
6055,r
6056,i
6057,a
6058,r
6059,a
6060,n
6061,s
6062,f
6063,o
6064,r
6065,m
6066,e
6067,j
6068,u
6069,v
6070,e
6071,n
6072,a
6073,t
6074,i
6075,n
6076,g
6077,a
6078,t
6079,e
6080,a
6081,t
6082,e
6083,e
6084,v
6085,v
6086,i
6087,n
6088,g
6089,n
6090,d
6091,u
6092,s
6093,t
6094,r
6095,i
6096,a
6097,l
6098,i
6099,z
6100,e
6101,d
6102,e
6103,c
6104,o
6105,m
6106,p
6107,r
6108,e
6109,s
6110,s
6111,a
6112,n
6113,q
6114,u
6115,i
6116,s
6117,h
6118,u
6119,z
6120,z
6121,l
6122,e
6123,m
6124,e
6125,n
6126,t
6127,r
6128,o
6129,j
6130,e
6131,c
6132,t
6133,i
6134,o
6135,n
6136,s
6137,u
6138,i
6139,z
6140,z
6141,i
6142,c
6143,a
6144,l
6145,l
6146,y
6147,r
6148,a
6149,n
6150,s
6151,f
6152,o
6153,r
6154,m
6155,h
6156,a
6157,d
6158,o
6159,w
6160,u
6161,i
6162,z
6163,z
6164,i
6165,c
6166,a
6167,l
6168,l
6169,y
6170,e
6171,c
6172,l
6173,a
6174,r
6175,i
6176,n
6177,g
6178,o
6179,b
6180,b
6181,l
6182,e
6183,e
6184,r
6185,o
6186,y
6187,l
6188,o
6189,p
6190,h
6191,o
6192,n
6193,e
6194,w
6195,a
6196,b
6197,o
6198,r
6199,m
6200,a
6201,l
6202,i
6203,z
6204,a
6205,t
6206,i
6207,o
6208,n
6209,a
6210,n
6211,q
6212,u
6213,i
6214,s
6215,h
6216,h
6217,a
6218,d
6219,o
6220,w
6221,a
6222,b
6223,u
6224,l
6225,o
6226,u
6227,s
6228,l
6229,y
6230,u
6231,i
6232,z
6233,z
6234,i
6235,c
6236,a
6237,l
6238,l
6239,y
6240,a
6241,k
6242,e
6243,i
6244,d
6245,d
6246,i
6247,n
6248,g
6249,n
6250,d
6251,u
6252,s
6253,t
6254,r
6255,i
6256,a
6257,l
6258,i
6259,z
6260,e
6261,d
6262,a
6263,n
6264,q
6265,u
6266,i
6267,s
6268,h
6269,e
6270,a
6271,r
6272,b
6273,o
6274,o
6275,k
6276,n
6277,w
6278,o
6279,r
6280,k
6281,a
6282,b
6283,l
6284,e
6285,u
6286,r
6287,r
6288,o
6289,u
6290,n
6291,d
6292,e
6293,d
6294,o
6295,l
6296,c
6297,a
6298,n
6299,i
6300,c
6301,p
6302,o
6303,i
6304,l
6305,i
6306,n
6307,g
6308,u
6309,m
6310,p
6311,e
6312,r
6313,o
6314,a
6315,f
6316,e
6317,t
6318,e
6319,r
6320,i
6321,a
6322,a
6323,k
6324,e
6325,u
6326,z
6327,z
6328,u
6329,g
6330,g
6331,i
6332,n
6333,g
6334,u
6335,g
6336,g
6337,i
6338,n
6339,g
6340,e
6341,a
6342,r
6343,b
6344,o
6345,o
6346,k
6347,o
6348,l
6349,c
6350,a
6351,n
6352,i
6353,c
6354,g
6355,o
6356,n
6357,i
6358,z
6359,i
6360,n
6361,g
6362,l
6363,y
6364,i
6365,s
6366,q
6367,u
6368,a
6369,l
6370,i
6371,f
6372,i
6373,e
6374,d
6375,a
6376,t
6377,e
6378,u
6379,g
6380,g
6381,i
6382,n
6383,g
6384,r
6385,o
6386,j
6387,e
6388,c
6389,t
6390,i
6391,o
6392,n
6393,s
6394,n
6395,e
6396,x
6397,p
6398,e
6399,c
6400,t
6401,e
6402,d
6403,a
6404,k
6405,e
6406,c
6407,k
6408,n
6409,o
6410,w
6411,l
6412,e
6413,d
6414,g
6415,e
6416,m
6417,e
6418,n
6419,t
6420,a
6421,t
6422,e
6423,u
6424,i
6425,z
6426,z
6427,i
6428,c
6429,a
6430,l
6431,l
6432,y
6433,y
6434,l
6435,o
6436,p
6437,h
6438,o
6439,n
6440,e
6441,u
6442,z
6443,z
6444,l
6445,e
6446,m
6447,e
6448,n
6449,t
6450,n
6451,w
6452,o
6453,r
6454,k
6455,a
6456,b
6457,l
6458,e
6459,n
6460,v
6461,u
6462,l
6463,n
6464,e
6465,r
6466,a
6467,b
6468,l
6469,e
6470,r
6471,o
6472,j
6473,e
6474,c
6475,t
6476,i
6477,o
6478,n
6479,s
6480,o
6481,m
6482,p
6483,l
6484,e
6485,x
6486,o
6487,m
6488,p
6489,l
6490,e
6491,x
6492,n
6493,e
6494,x
6495,p
6496,e
6497,c
6498,t
6499,e
6500,d
6501,k
6502,i
6503,i
6504,n
6505,g
6506,u
6507,m
6508,p
6509,n
6510,c
6511,o
6512,n
6513,s
6514,e
6515,q
6516,u
6517,e
6518,n
6519,t
6520,i
6521,a
6522,l
6523,a
6524,b
6525,u
6526,l
6527,o
6528,u
6529,s
6530,l
6531,y
6532,c
6533,c
6534,o
6535,u
6536,n
6537,t
6538,a
6539,b
6540,i
6541,l
6542,i
6543,t
6544,y
6545,o
6546,v
6547,e
6548,r
6549,n
6550,i
6551,n
6552,g
6553,n
6554,e
6555,x
6556,p
6557,e
6558,c
6559,t
6560,e
6561,d
6562,a
6563,f
6564,e
6565,t
6566,e
6567,r
6568,i
6569,a
6570,e
6571,j
6572,u
6573,v
6574,e
6575,n
6576,a
6577,t
6578,i
6579,n
6580,g
6581,n
6582,v
6583,u
6584,l
6585,n
6586,e
6587,r
6588,a
6589,b
6590,l
6591,e
6592,a
6593,k
6594,e
6595,a
6596,n
6597,q
6598,u
6599,i
6600,s
6601,h
6602,c
6603,c
6604,o
6605,u
6606,n
6607,t
6608,a
6609,b
6610,i
6611,l
6612,i
6613,t
6614,y
6615,a
6616,x
6617,i
6618,e
6619,e
6620,k
6621,e
6622,r
6623,u
6624,z
6625,z
6626,l
6627,e
6628,m
6629,e
6630,n
6631,t
6632,u
6633,f
6634,f
6635,n
6636,n
6637,o
6638,u
6639,n
6640,c
6641,i
6642,n
6643,g
6644,n
6645,n
6646,o
6647,u
6648,n
6649,c
6650,i
6651,n
6652,g
6653,o
6654,v
6655,e
6656,r
6657,n
6658,i
6659,n
6660,g
6661,e
6662,a
6663,r
6664,b
6665,o
6666,o
6667,k
6668,n
6669,c
6670,o
6671,n
6672,s
6673,e
6674,q
6675,u
6676,e
6677,n
6678,t
6679,i
6680,a
6681,l
6682,o
6683,l
6684,c
6685,a
6686,n
6687,i
6688,c
6689,u
6690,z
6691,z
6692,l
6693,e
6694,m
6695,e
6696,n
6697,t
6698,r
6699,a
6700,n
6701,s
6702,f
6703,o
6704,r
6705,m
6706,e
6707,r
6708,o
6709,e
6710,v
6711,v
6712,i
6713,n
6714,g
6715,y
6716,l
6717,o
6718,p
6719,h
6720,o
6721,n
6722,e
6723,y
6724,l
6725,o
6726,p
6727,h
6728,o
6729,n
6730,e
6731,m
6732,i
6733,t
6734,t
6735,e
6736,d
6737,a
6738,f
6739,e
6740,t
6741,e
6742,r
6743,i
6744,a
6745,n
6746,w
6747,o
6748,r
6749,k
6750,a
6751,b
6752,l
6753,e
6754,a
6755,t
6756,e
6757,a
6758,b
6759,u
6760,l
6761,o
6762,u
6763,s
6764,l
6765,y
6766,o
6767,b
6768,b
6769,l
6770,e
6771,i
6772,d
6773,d
6774,i
6775,n
6776,g
6777,a
6778,b
6779,u
6780,l
6781,o
6782,u
6783,s
6784,l
6785,y
6786,m
6787,i
6788,t
6789,t
6790,e
6791,d
6792,u
6793,i
6794,z
6795,z
6796,i
6797,c
6798,a
6799,l
6800,l
6801,y
6802,o
6803,m
6804,p
6805,a
6806,r
6807,a
6808,t
6809,i
6810,v
6811,e
6812,l
6813,y
6814,e
6815,r
6816,o
6817,h
6818,a
6819,d
6820,o
6821,w
6822,e
6823,e
6824,k
6825,e
6826,r
6827,o
6828,m
6829,p
6830,a
6831,r
6832,a
6833,t
6834,i
6835,v
6836,e
6837,l
6838,y
6839,h
6840,a
6841,d
6842,o
6843,w
6844,e
6845,n
6846,u
6847,e
6848,n
6849,u
6850,u
6851,m
6852,p
6853,r
6854,a
6855,n
6856,s
6857,f
6858,o
6859,r
6860,m
6861,p
6862,p
6863,r
6864,o
6865,a
6866,c
6867,h
6868,i
6869,n
6870,g
6871,e
6872,v
6873,v
6874,i
6875,n
6876,g
6877,u
6878,r
6879,r
6880,o
6881,u
6882,n
6883,d
6884,e
6885,d
6886,o
6887,m
6888,p
6889,l
6890,e
6891,x
6892,u
6893,z
6894,z
6895,p
6896,p
6897,r
6898,o
6899,a
6900,c
6901,h
6902,i
6903,n
6904,g
6905,a
6906,c
6907,k
6908,i
6909,n
6910,g
6911,n
6912,c
6913,o
6914,m
6915,f
6916,o
6917,r
6918,t
6919,a
6920,b
6921,l
6922,y
6923,n
6924,c
6925,o
6926,n
6927,s
6928,e
6929,q
6930,u
6931,e
6932,n
6933,t
6934,i
6935,a
6936,l
6937,o
6938,b
6939,b
6940,l
6941,e
6942,o
6943,m
6944,m
6945,a
6946,n
6947,d
6948,i
6949,n
6950,g
6951,o
6952,m
6953,p
6954,l
6955,e
6956,x
6957,c
6958,c
6959,o
6960,u
6961,n
6962,t
6963,a
6964,b
6965,i
6966,l
6967,i
6968,t
6969,y
6970,n
6971,w
6972,o
6973,r
6974,k
6975,a
6976,b
6977,l
6978,e
6979,h
6980,a
6981,d
6982,o
6983,w
6984,p
6985,p
6986,r
6987,o
6988,a
6989,c
6990,h
6991,i
6992,n
6993,g
6994,g
6995,o
6996,n
6997,i
6998,z
6999,i
7000,n
7001,g
7002,l
7003,y
7004,u
7005,z
7006,z
7007,l
7008,e
7009,m
7010,e
7011,n
7012,t
7013,u
7014,f
7015,f
7016,o
7017,r
7018,m
7019,a
7020,l
7021,i
7022,z
7023,a
7024,t
7025,i
7026,o
7027,n
7028,m
7029,b
7030,r
7031,a
7032,c
7033,e
7034,s
7035,e
7036,v
7037,v
7038,i
7039,n
7040,g
7041,y
7042,l
7043,o
7044,p
7045,h
7046,o
7047,n
7048,e
7049,w
7050,a
7051,b
7052,p
7053,p
7054,r
7055,o
7056,a
7057,c
7058,h
7059,i
7060,n
7061,g
7062,u
7063,g
7064,g
7065,i
7066,n
7067,g
7068,r
7069,a
7070,n
7071,s
7072,f
7073,o
7074,r
7075,m
7076,r
7077,i
7078,g
7079,h
7080,t
7081,f
7082,u
7083,l
7084,l
7085,y
7086,o
7087,b
7088,b
7089,l
7090,e
7091,e
7092,c
7093,l
7094,a
7095,r
7096,i
7097,n
7098,g
7099,u
7100,r
7101,r
7102,o
7103,u
7104,n
7105,d
7106,e
7107,d
7108,e
7109,v
7110,v
7111,i
7112,n
7113,g
7114,a
7115,k
7116,e
7117,k
7118,i
7119,i
7120,n
7121,g
7122,u
7123,f
7124,f
7125,r
7126,a
7127,n
7128,s
7129,f
7130,o
7131,r
7132,m
7133,r
7134,a
7135,n
7136,s
7137,f
7138,o
7139,r
7140,m
7141,r
7142,i
7143,g
7144,h
7145,t
7146,f
7147,u
7148,l
7149,l
7150,y
7151,u
7152,i
7153,z
7154,z
7155,i
7156,c
7157,a
7158,l
7159,l
7160,y
7161,u
7162,f
7163,f
7164,o
7165,r
7166,m
7167,a
7168,l
7169,i
7170,z
7171,a
7172,t
7173,i
7174,o
7175,n
7176,e
7177,n
7178,u
7179,e
7180,r
7181,o
7182,a
7183,t
7184,e
7185,h
7186,a
7187,d
7188,o
7189,w
7190,o
7191,m
7192,m
7193,a
7194,n
7195,d
7196,i
7197,n
7198,g
7199,u
7200,r
7201,r
7202,o
7203,u
7204,n
7205,d
7206,e
7207,d
7208,a
7209,b
7210,u
7211,l
7212,o
7213,u
7214,s
7215,l
7216,y
7217,u
7218,g
7219,g
7220,i
7221,n
7222,g
7223,u
7224,z
7225,z
7226,l
7227,e
7228,m
7229,e
7230,n
7231,t
7232,o
7233,m
7234,p
7235,l
7236,e
7237,x
7238,u
7239,z
7240,z
7241,l
7242,e
7243,m
7244,e
7245,n
7246,t
7247,n
7248,v
7249,u
7250,l
7251,n
7252,e
7253,r
7254,a
7255,b
7256,l
7257,e
7258,n
7259,d
7260,u
7261,s
7262,t
7263,r
7264,i
7265,a
7266,l
7267,i
7268,z
7269,e
7270,d
7271,a
7272,f
7273,e
7274,t
7275,e
7276,r
7277,i
7278,a
7279,n
7280,d
7281,u
7282,s
7283,t
7284,r
7285,i
7286,a
7287,l
7288,i
7289,z
7290,e
7291,d
7292,u
7293,g
7294,g
7295,i
7296,n
7297,g
7298,n
7299,n
7300,o
7301,u
7302,n
7303,c
7304,i
7305,n
7306,g
7307,p
7308,o
7309,i
7310,l
7311,i
7312,n
7313,g
7314,e
7315,c
7316,o
7317,m
7318,p
7319,r
7320,e
7321,s
7322,s
7323,a
7324,n
7325,q
7326,u
7327,i
7328,s
7329,h
7330,o
7331,v
7332,e
7333,r
7334,n
7335,i
7336,n
7337,g
7338,e
7339,r
7340,o
7341,e
7342,c
7343,o
7344,m
7345,p
7346,r
7347,e
7348,s
7349,s
7350,u
7351,z
7352,z
7353,l
7354,e
7355,m
7356,e
7357,n
7358,t
7359,e
7360,v
7361,v
7362,i
7363,n
7364,g
7365,a
7366,o
7367,o
7368,e
7369,n
7370,g
7371,e
7372,n
7373,u
7374,n
7375,c
7376,o
7377,n
7378,s
7379,e
7380,q
7381,u
7382,e
7383,n
7384,t
7385,i
7386,a
7387,l
7388,a
7389,t
7390,e
7391,r
7392,o
7393,j
7394,e
7395,c
7396,t
7397,i
7398,o
7399,n
7400,s
7401,o
7402,r
7403,m
7404,a
7405,l
7406,i
7407,z
7408,a
7409,t
7410,i
7411,o
7412,n
7413,p
7414,p
7415,r
7416,o
7417,a
7418,c
7419,h
7420,i
7421,n
7422,g
7423,o
7424,b
7425,b
7426,l
7427,e
7428,a
7429,f
7430,e
7431,t
7432,e
7433,r
7434,i
7435,a
7436,c
7437,k
7438,n
7439,o
7440,w
7441,l
7442,e
7443,d
7444,g
7445,e
7446,m
7447,e
7448,n
7449,t
7450,o
7451,r
7452,m
7453,a
7454,l
7455,i
7456,z
7457,a
7458,t
7459,i
7460,o
7461,n
7462,n
7463,c
7464,o
7465,m
7466,f
7467,o
7468,r
7469,t
7470,a
7471,b
7472,l
7473,y
7474,i
7475,d
7476,d
7477,i
7478,n
7479,g
7480,u
7481,r
7482,r
7483,o
7484,u
7485,n
7486,d
7487,e
7488,d
7489,u
7490,z
7491,z
7492,r
7493,i
7494,g
7495,h
7496,t
7497,f
7498,u
7499,l
7500,l
7501,y
7502,a
7503,k
7504,e
7505,u
7506,z
7507,z
7508,l
7509,e
7510,m
7511,e
7512,n
7513,t
7514,k
7515,i
7516,i
7517,n
7518,g
7519,e
7520,e
7521,k
7522,e
7523,r
7524,o
7525,b
7526,b
7527,l
7528,e
7529,k
7530,i
7531,i
7532,n
7533,g
7534,e
7535,n
7536,u
7537,a
7538,b
7539,u
7540,l
7541,o
7542,u
7543,s
7544,l
7545,y
7546,u
7547,g
7548,g
7549,i
7550,n
7551,g
7552,e
7553,c
7554,o
7555,m
7556,p
7557,r
7558,e
7559,s
7560,s
7561,n
7562,e
7563,x
7564,p
7565,e
7566,c
7567,t
7568,e
7569,d
7570,o
7571,b
7572,b
7573,l
7574,e
7575,n
7576,v
7577,u
7578,l
7579,n
7580,e
7581,r
7582,a
7583,b
7584,l
7585,e
7586,y
7587,m
7588,p
7589,a
7590,t
7591,h
7592,e
7593,t
7594,i
7595,c
7596,a
7597,l
7598,l
7599,y
7600,i
7601,s
7602,q
7603,u
7604,a
7605,l
7606,i
7607,f
7608,i
7609,e
7610,d
7611,e
7612,o
7613,g
7614,r
7615,a
7616,p
7617,h
7618,y
7619,a
7620,f
7621,e
7622,t
7623,e
7624,r
7625,i
7626,a
7627,e
7628,n
7629,u
7630,u
7631,s
7632,s
7633,o
7634,v
7635,e
7636,r
7637,n
7638,i
7639,n
7640,g
7641,e
7642,c
7643,l
7644,a
7645,r
7646,i
7647,n
7648,g
7649,a
7650,x
7651,i
7652,u
7653,m
7654,p
7655,e
7656,c
7657,l
7658,a
7659,r
7660,i
7661,n
7662,g
7663,m
7664,b
7665,r
7666,a
7667,c
7668,e
7669,s
7670,u
7671,i
7672,z
7673,z
7674,i
7675,c
7676,a
7677,l
7678,l
7679,y
7680,n
7681,c
7682,o
7683,n
7684,s
7685,e
7686,q
7687,u
7688,e
7689,n
7690,t
7691,i
7692,a
7693,l
7694,e
7695,n
7696,u
7697,e
7698,a
7699,r
7700,b
7701,o
7702,o
7703,k
7704,g
7705,o
7706,n
7707,i
7708,z
7709,i
7710,n
7711,g
7712,l
7713,y
7714,o
7715,r
7716,m
7717,a
7718,l
7719,i
7720,z
7721,a
7722,t
7723,i
7724,o
7725,n
7726,o
7727,r
7728,m
7729,a
7730,l
7731,i
7732,z
7733,a
7734,t
7735,i
7736,o
7737,n
7738,o
7739,m
7740,m
7741,a
7742,n
7743,d
7744,i
7745,n
7746,g
7747,e
7748,v
7749,v
7750,i
7751,n
7752,g
7753,a
7754,f
7755,e
7756,t
7757,e
7758,r
7759,i
7760,a
7761,i
7762,s
7763,q
7764,u
7765,a
7766,l
7767,i
7768,f
7769,i
7770,e
7771,d
7772,o
7773,b
7774,b
7775,l
7776,e
7777,o
7778,b
7779,b
7780,l
7781,e
7782,h
7783,a
7784,d
7785,o
7786,w
7787,n
7788,c
7789,o
7790,m
7791,f
7792,o
7793,r
7794,t
7795,a
7796,b
7797,l
7798,y
7799,e
7800,a
7801,r
7802,b
7803,o
7804,o
7805,k
7806,a
7807,c
7808,k
7809,i
7810,n
7811,g
7812,e
7813,c
7814,l
7815,a
7816,r
7817,i
7818,n
7819,g
7820,a
7821,t
7822,e
7823,u
7824,z
7825,z
7826,l
7827,e
7828,m
7829,e
7830,n
7831,t
7832,k
7833,i
7834,i
7835,n
7836,g
7837,y
7838,m
7839,p
7840,a
7841,t
7842,h
7843,e
7844,t
7845,i
7846,c
7847,a
7848,l
7849,l
7850,y
7851,r
7852,i
7853,g
7854,h
7855,t
7856,f
7857,u
7858,l
7859,l
7860,y
7861,i
7862,d
7863,d
7864,i
7865,n
7866,g
7867,u
7868,z
7869,z
7870,o
7871,v
7872,e
7873,r
7874,n
7875,i
7876,n
7877,g
7878,o
7879,l
7880,c
7881,a
7882,n
7883,i
7884,c
7885,k
7886,i
7887,i
7888,n
7889,g
7890,e
7891,c
7892,l
7893,a
7894,r
7895,i
7896,n
7897,g
7898,a
7899,f
7900,e
7901,t
7902,e
7903,r
7904,i
7905,a
7906,w
7907,a
7908,b
7909,u
7910,f
7911,f
7912,u
7913,z
7914,z
7915,e
7916,n
7917,u
7918,e
7919,o
7920,g
7921,r
7922,a
7923,p
7924,h
7925,y
7926,e
7927,c
7928,o
7929,m
7930,p
7931,r
7932,e
7933,s
7934,s
7935,n
7936,w
7937,o
7938,r
7939,k
7940,a
7941,b
7942,l
7943,e
7944,u
7945,z
7946,z
7947,o
7948,l
7949,c
7950,a
7951,n
7952,i
7953,c
7954,o
7955,l
7956,c
7957,a
7958,n
7959,i
7960,c
7961,a
7962,f
7963,e
7964,t
7965,e
7966,r
7967,i
7968,a
7969,n
7970,c
7971,o
7972,n
7973,s
7974,e
7975,q
7976,u
7977,e
7978,n
7979,t
7980,i
7981,a
7982,l
7983,e
7984,r
7985,o
7986,m
7987,b
7988,r
7989,a
7990,c
7991,e
7992,s
7993,o
7994,l
7995,c
7996,a
7997,n
7998,i
7999,c
8000,o
8001,v
8002,e
8003,r
8004,n
8005,i
8006,n
8007,g
8008,m
8009,b
8010,r
8011,a
8012,c
8013,e
8014,s
8015,u
8016,i
8017,z
8018,z
8019,i
8020,c
8021,a
8022,l
8023,l
8024,y
8025,e
8026,v
8027,v
8028,i
8029,n
8030,g
8031,e
8032,c
8033,l
8034,a
8035,r
8036,i
8037,n
8038,g
8039,u
8040,m
8041,p
8042,n
8043,v
8044,u
8045,l
8046,n
8047,e
8048,r
8049,a
8050,b
8051,l
8052,e
8053,u
8054,z
8055,z
8056,n
8057,d
8058,u
8059,s
8060,t
8061,r
8062,i
8063,a
8064,l
8065,i
8066,z
8067,e
8068,d
8069,r
8070,o
8071,j
8072,e
8073,c
8074,t
8075,i
8076,o
8077,n
8078,s
8079,e
8080,e
8081,k
8082,e
8083,r
8084,o
8085,m
8086,p
8087,l
8088,e
8089,x
8090,o
8091,v
8092,e
8093,r
8094,n
8095,i
8096,n
8097,g
8098,e
8099,c
8100,l
8101,a
8102,r
8103,i
8104,n
8105,g
8106,u
8107,r
8108,r
8109,o
8110,u
8111,n
8112,d
8113,e
8114,d
8115,c
8116,c
8117,o
8118,u
8119,n
8120,t
8121,a
8122,b
8123,i
8124,l
8125,i
8126,t
8127,y
8128,o
8129,v
8130,e
8131,r
8132,n
8133,i
8134,n
8135,g
8136,r
8137,o
8138,j
8139,e
8140,c
8141,t
8142,i
8143,o
8144,n
8145,s
8146,i
8147,d
8148,d
8149,i
8150,n
8151,g
8152,r
8153,a
8154,n
8155,s
8156,f
8157,o
8158,r
8159,m
8160,o
8161,b
8162,b
8163,l
8164,e
8165,a
8166,n
8167,q
8168,u
8169,i
8170,s
8171,h
8172,e
8173,o
8174,g
8175,r
8176,a
8177,p
8178,h
8179,y
8180,u
8181,s
8182,t
8183,i
8184,f
8185,i
8186,c
8187,a
8188,t
8189,i
8190,o
8191,n
8192,s
8193,o
8194,b
8195,b
8196,l
8197,e
8198,e
8199,r
8200,o
8201,k
8202,i
8203,i
8204,n
8205,g
8206,o
8207,b
8208,b
8209,l
8210,e
8211,n
8212,c
8213,o
8214,m
8215,f
8216,o
8217,r
8218,t
8219,a
8220,b
8221,l
8222,y
8223,n
8224,w
8225,o
8226,r
8227,k
8228,a
8229,b
8230,l
8231,e
8232,e
8233,n
8234,u
8235,a
8236,c
8237,k
8238,i
8239,n
8240,g
8241,a
8242,t
8243,e
8244,e
8245,a
8246,r
8247,b
8248,o
8249,o
8250,k
8251,r
8252,i
8253,g
8254,h
8255,t
8256,f
8257,u
8258,l
8259,l
8260,y
8261,a
8262,c
8263,k
8264,i
8265,n
8266,g
8267,n
8268,n
8269,o
8270,u
8271,n
8272,c
8273,i
8274,n
8275,g
8276,m
8277,i
8278,t
8279,t
8280,e
8281,d
8282,m
8283,b
8284,r
8285,a
8286,c
8287,e
8288,s
8289,u
8290,g
8291,g
8292,i
8293,n
8294,g
8295,o
8296,m
8297,p
8298,a
8299,r
8300,a
8301,t
8302,i
8303,v
8304,e
8305,l
8306,y
8307,y
8308,m
8309,p
8310,a
8311,t
8312,h
8313,e
8314,t
8315,i
8316,c
8317,a
8318,l
8319,l
8320,y
8321,i
8322,s
8323,q
8324,u
8325,a
8326,l
8327,i
8328,f
8329,i
8330,e
8331,d
8332,o
8333,b
8334,b
8335,l
8336,e
8337,o
8338,m
8339,m
8340,a
8341,n
8342,d
8343,i
8344,n
8345,g
8346,n
8347,d
8348,u
8349,s
8350,t
8351,r
8352,i
8353,a
8354,l
8355,i
8356,z
8357,e
8358,d
8359,n
8360,n
8361,o
8362,u
8363,n
8364,c
8365,i
8366,n
8367,g
8368,a
8369,k
8370,e
8371,o
8372,m
8373,m
8374,a
8375,n
8376,d
8377,i
8378,n
8379,g
8380,e
8381,a
8382,r
8383,b
8384,o
8385,o
8386,k
8387,e
8388,v
8389,v
8390,i
8391,n
8392,g
8393,r
8394,i
8395,g
8396,h
8397,t
8398,f
8399,u
8400,l
8401,l
8402,y
8403,w
8404,a
8405,b
8406,e
8407,t
8408,g
8409,n
8410,g
8411,w
8412,a
8413,b
8414,u
8415,z
8416,z
8417,e
8418,j
8419,u
8420,v
8421,e
8422,n
8423,a
8424,t
8425,i
8426,n
8427,g
8428,y
8429,m
8430,p
8431,a
8432,t
8433,h
8434,e
8435,t
8436,i
8437,c
8438,a
8439,l
8440,l
8441,y
8442,k
8443,i
8444,i
8445,n
8446,g
8447,n
8448,e
8449,x
8450,p
8451,e
8452,c
8453,t
8454,e
8455,d
8456,a
8457,f
8458,e
8459,t
8460,e
8461,r
8462,i
8463,a
8464,a
8465,b
8466,u
8467,l
8468,o
8469,u
8470,s
8471,l
8472,y
8473,n
8474,w
8475,o
8476,r
8477,k
8478,a
8479,b
8480,l
8481,e
8482,o
8483,l
8484,c
8485,a
8486,n
8487,i
8488,c
8489,u
8490,i
8491,z
8492,z
8493,i
8494,c
8495,a
8496,l
8497,l
8498,y
8499,p
8500,o
8501,i
8502,l
8503,i
8504,n
8505,g
8506,n
8507,n
8508,o
8509,u
8510,n
8511,c
8512,i
8513,n
8514,g
8515,o
8516,m
8517,p
8518,a
8519,r
8520,a
8521,t
8522,i
8523,v
8524,e
8525,l
8526,y
8527,c
8528,k
8529,n
8530,o
8531,w
8532,l
8533,e
8534,d
8535,g
8536,e
8537,m
8538,e
8539,n
8540,t
8541,c
8542,k
8543,n
8544,o
8545,w
8546,l
8547,e
8548,d
8549,g
8550,e
8551,m
8552,e
8553,n
8554,t
8555,m
8556,b
8557,r
8558,a
8559,c
8560,e
8561,s
8562,u
8563,g
8564,g
8565,i
8566,n
8567,g
8568,e
8569,n
8570,u
8571,e
8572,n
8573,u
8574,e
8575,r
8576,o
8577,c
8578,c
8579,o
8580,u
8581,n
8582,t
8583,a
8584,b
8585,i
8586,l
8587,i
8588,t
8589,y
8590,e
8591,n
8592,u
8593,r
8594,a
8595,n
8596,s
8597,f
8598,o
8599,r
8600,m
8601,e
8602,n
8603,u
8604,e
8605,a
8606,r
8607,b
8608,o
8609,o
8610,k
8611,a
8612,t
8613,e
8614,a
8615,t
8616,e
8617,u
8618,f
8619,f
8620,g
8621,o
8622,n
8623,i
8624,z
8625,i
8626,n
8627,g
8628,l
8629,y
8630,p
8631,o
8632,i
8633,l
8634,i
8635,n
8636,g
8637,n
8638,w
8639,o
8640,r
8641,k
8642,a
8643,b
8644,l
8645,e
8646,a
8647,c
8648,k
8649,i
8650,n
8651,g
8652,e
8653,n
8654,u
8655,a
8656,x
8657,i
8658,a
8659,f
8660,e
8661,t
8662,e
8663,r
8664,i
8665,a
8666,n
8667,e
8668,x
8669,p
8670,e
8671,c
8672,t
8673,e
8674,d
8675,u
8676,s
8677,t
8678,i
8679,f
8680,i
8681,c
8682,a
8683,t
8684,i
8685,o
8686,n
8687,s
8688,o
8689,b
8690,b
8691,l
8692,e
8693,a
8694,f
8695,e
8696,t
8697,e
8698,r
8699,i
8700,a
8701,e
8702,n
8703,u
8704,p
8705,o
8706,i
8707,l
8708,i
8709,n
8710,g
8711,h
8712,a
8713,d
8714,o
8715,w
8716,e
8717,o
8718,n
8719,l
8720,e
8721,i
8722,n
8723,e
8724,h
8725,y
8726,e
8727,e
8728,k
8729,e
8730,r
8731,n
8732,c
8733,o
8734,m
8735,f
8736,o
8737,r
8738,t
8739,a
8740,b
8741,l
8742,y
8743,n
8744,v
8745,u
8746,l
8747,n
8748,e
8749,r
8750,a
8751,b
8752,l
8753,e
8754,o
8755,l
8756,c
8757,a
8758,n
8759,i
8760,c
8761,c
8762,c
8763,o
8764,u
8765,n
8766,t
8767,a
8768,b
8769,i
8770,l
8771,i
8772,t
8773,y
8774,o
8775,l
8776,c
8777,a
8778,n
8779,i
8780,c
8781,o
8782,m
8783,p
8784,l
8785,e
8786,x
8787,n
8788,e
8789,x
8790,p
8791,e
8792,c
8793,t
8794,e
8795,d
8796,i
8797,s
8798,q
8799,u
8800,a
8801,l
8802,i
8803,f
8804,i
8805,e
8806,d
8807,e
8808,r
8809,o
8810,o
8811,l
8812,c
8813,a
8814,n
8815,i
8816,c
8817,e
8818,c
8819,l
8820,a
8821,r
8822,i
8823,n
8824,g
8825,c
8826,c
8827,o
8828,u
8829,n
8830,t
8831,a
8832,b
8833,i
8834,l
8835,i
8836,t
8837,y
8838,o
8839,r
8840,m
8841,a
8842,l
8843,i
8844,z
8845,a
8846,t
8847,i
8848,o
8849,n
8850,i
8851,s
8852,q
8853,u
8854,a
8855,l
8856,i
8857,f
8858,i
8859,e
8860,d
8861,c
8862,c
8863,o
8864,u
8865,n
8866,t
8867,a
8868,b
8869,i
8870,l
8871,i
8872,t
8873,y
8874,g
8875,o
8876,n
8877,i
8878,z
8879,i
8880,n
8881,g
8882,l
8883,y
8884,w
8885,a
8886,b
8887,e
8888,c
8889,l
8890,a
8891,r
8892,i
8893,n
8894,g
8895,n
8896,v
8897,u
8898,l
8899,n
8900,e
8901,r
8902,a
8903,b
8904,l
8905,e
8906,e
8907,c
8908,o
8909,m
8910,p
8911,r
8912,e
8913,s
8914,s
8915,u
8916,z
8917,z
8918,e
8919,o
8920,g
8921,r
8922,a
8923,p
8924,h
8925,y
8926,r
8927,o
8928,j
8929,e
8930,c
8931,t
8932,i
8933,o
8934,n
8935,s
8936,a
8937,t
8938,e
8939,e
8940,e
8941,k
8942,e
8943,r
8944,p
8945,o
8946,i
8947,l
8948,i
8949,n
8950,g
8951,e
8952,e
8953,k
8954,e
8955,r
8956,a
8957,c
8958,k
8959,i
8960,n
8961,g
8962,u
8963,m
8964,p
8965,m
8966,i
8967,t
8968,t
8969,e
8970,d
8971,o
8972,m
8973,p
8974,l
8975,e
8976,x
8977,u
8978,g
8979,y
8980,e
8981,o
8982,g
8983,r
8984,a
8985,p
8986,h
8987,y
8988,w
8989,a
8990,b
8991,e
8992,c
8993,o
8994,m
8995,p
8996,r
8997,e
8998,s
8999,s
9000,o
9001,l
9002,c
9003,a
9004,n
9005,i
9006,c
9007,y
9008,l
9009,o
9010,p
9011,h
9012,o
9013,n
9014,e
9015,e
9016,v
9017,v
9018,i
9019,n
9020,g
9021,o
9022,r
9023,m
9024,a
9025,l
9026,i
9027,z
9028,a
9029,t
9030,i
9031,o
9032,n
9033,e
9034,c
9035,l
9036,a
9037,r
9038,i
9039,n
9040,g
9041,o
9042,r
9043,m
9044,a
9045,l
9046,i
9047,z
9048,a
9049,t
9050,i
9051,o
9052,n
9053,a
9054,x
9055,i
9056,o
9057,b
9058,b
9059,l
9060,e
9061,a
9062,k
9063,e
9064,a
9065,x
9066,i
9067,w
9068,a
9069,b
9070,e
9071,j
9072,u
9073,v
9074,e
9075,n
9076,a
9077,t
9078,i
9079,n
9080,g
9081,e
9082,n
9083,u
9084,e
9085,r
9086,o
9087,n
9088,e
9089,x
9090,p
9091,e
9092,c
9093,t
9094,e
9095,d
9096,o
9097,b
9098,b
9099,l
9100,e
9101,h
9102,a
9103,d
9104,o
9105,w
9106,a
9107,n
9108,q
9109,u
9110,i
9111,s
9112,h
9113,o
9114,m
9115,p
9116,a
9117,r
9118,a
9119,t
9120,i
9121,v
9122,e
9123,l
9124,y
9125,e
9126,v
9127,v
9128,i
9129,n
9130,g
9131,w
9132,a
9133,b
9134,i
9135,s
9136,q
9137,u
9138,a
9139,l
9140,i
9141,f
9142,i
9143,e
9144,d
9145,u
9146,r
9147,r
9148,o
9149,u
9150,n
9151,d
9152,e
9153,d
9154,c
9155,k
9156,n
9157,o
9158,w
9159,l
9160,e
9161,d
9162,g
9163,e
9164,m
9165,e
9166,n
9167,t
9168,u
9169,i
9170,z
9171,z
9172,i
9173,c
9174,a
9175,l
9176,l
9177,y
9178,h
9179,a
9180,d
9181,o
9182,w
9183,w
9184,a
9185,b
9186,u
9187,i
9188,z
9189,z
9190,i
9191,c
9192,a
9193,l
9194,l
9195,y
9196,n
9197,w
9198,o
9199,r
9200,k
9201,a
9202,b
9203,l
9204,e
9205,e
9206,v
9207,v
9208,i
9209,n
9210,g
9211,p
9212,o
9213,i
9214,l
9215,i
9216,n
9217,g
9218,o
9219,m
9220,p
9221,a
9222,r
9223,a
9224,t
9225,i
9226,v
9227,e
9228,l
9229,y
9230,a
9231,k
9232,e
9233,a
9234,b
9235,u
9236,l
9237,o
9238,u
9239,s
9240,l
9241,y
9242,a
9243,x
9244,i
9245,u
9246,z
9247,z
9248,a
9249,t
9250,e
9251,e
9252,e
9253,k
9254,e
9255,r
9256,e
9257,j
9258,u
9259,v
9260,e
9261,n
9262,a
9263,t
9264,i
9265,n
9266,g
9267,e
9268,c
9269,l
9270,a
9271,r
9272,i
9273,n
9274,g
9275,p
9276,p
9277,r
9278,o
9279,a
9280,c
9281,h
9282,i
9283,n
9284,g
9285,a
9286,k
9287,e
9288,i
9289,s
9290,q
9291,u
9292,a
9293,l
9294,i
9295,f
9296,i
9297,e
9298,d
9299,e
9300,n
9301,u
9302,a
9303,n
9304,q
9305,u
9306,i
9307,s
9308,h
9309,k
9310,i
9311,i
9312,n
9313,g
9314,a
9315,f
9316,e
9317,t
9318,e
9319,r
9320,i
9321,a
9322,a
9323,f
9324,e
9325,t
9326,e
9327,r
9328,i
9329,a
9330,n
9331,e
9332,x
9333,p
9334,e
9335,c
9336,t
9337,e
9338,d
9339,u
9340,z
9341,z
9342,r
9343,a
9344,n
9345,s
9346,f
9347,o
9348,r
9349,m
9350,o
9351,b
9352,b
9353,l
9354,e
9355,e
9356,j
9357,u
9358,v
9359,e
9360,n
9361,a
9362,t
9363,i
9364,n
9365,g
9366,u
9367,i
9368,z
9369,z
9370,i
9371,c
9372,a
9373,l
9374,l
9375,y
9376,k
9377,i
9378,i
9379,n
9380,g
9381,e
9382,c
9383,o
9384,m
9385,p
9386,r
9387,e
9388,s
9389,s
9390,u
9391,s
9392,t
9393,i
9394,f
9395,i
9396,c
9397,a
9398,t
9399,i
9400,o
9401,n
9402,s
9403,p
9404,o
9405,i
9406,l
9407,i
9408,n
9409,g
9410,r
9411,a
9412,n
9413,s
9414,f
9415,o
9416,r
9417,m
9418,o
9419,r
9420,m
9421,a
9422,l
9423,i
9424,z
9425,a
9426,t
9427,i
9428,o
9429,n
9430,a
9431,n
9432,q
9433,u
9434,i
9435,s
9436,h
9437,c
9438,c
9439,o
9440,u
9441,n
9442,t
9443,a
9444,b
9445,i
9446,l
9447,i
9448,t
9449,y
9450,a
9451,x
9452,i
9453,u
9454,r
9455,r
9456,o
9457,u
9458,n
9459,d
9460,e
9461,d
9462,e
9463,e
9464,k
9465,e
9466,r
9467,a
9468,k
9469,e
9470,a
9471,c
9472,k
9473,i
9474,n
9475,g
9476,u
9477,g
9478,g
9479,i
9480,n
9481,g
9482,e
9483,a
9484,r
9485,b
9486,o
9487,o
9488,k
9489,r
9490,i
9491,g
9492,h
9493,t
9494,f
9495,u
9496,l
9497,l
9498,y
9499,w
9500,a
9501,b
9502,n
9503,v
9504,u
9505,l
9506,n
9507,e
9508,r
9509,a
9510,b
9511,l
9512,e
9513,o
9514,m
9515,p
9516,l
9517,e
9518,x
9519,u
9520,z
9521,z
9522,a
9523,b
9524,u
9525,l
9526,o
9527,u
9528,s
9529,l
9530,y
9531,n
9532,n
9533,o
9534,u
9535,n
9536,c
9537,i
9538,n
9539,g
9540,a
9541,t
9542,e
9543,r
9544,a
9545,n
9546,s
9547,f
9548,o
9549,r
9550,m
9551,r
9552,i
9553,g
9554,h
9555,t
9556,f
9557,u
9558,l
9559,l
9560,y
9561,u
9562,s
9563,t
9564,i
9565,f
9566,i
9567,c
9568,a
9569,t
9570,i
9571,o
9572,n
9573,s
9574,k
9575,i
9576,i
9577,n
9578,g
9579,m
9580,b
9581,r
9582,a
9583,c
9584,e
9585,s
9586,u
9587,z
9588,z
9589,i
9590,d
9591,d
9592,i
9593,n
9594,g
9595,a
9596,k
9597,e
9598,y
9599,l
9600,o
9601,p
9602,h
9603,o
9604,n
9605,e
9606,n
9607,e
9608,x
9609,p
9610,e
9611,c
9612,t
9613,e
9614,d
9615,o
9616,v
9617,e
9618,r
9619,n
9620,i
9621,n
9622,g
9623,e
9624,c
9625,o
9626,m
9627,p
9628,r
9629,e
9630,s
9631,s
9632,u
9633,m
9634,p
9635,a
9636,t
9637,e
9638,o
9639,m
9640,p
9641,l
9642,e
9643,x
9644,o
9645,r
9646,m
9647,a
9648,l
9649,i
9650,z
9651,a
9652,t
9653,i
9654,o
9655,n
9656,g
9657,o
9658,n
9659,i
9660,z
9661,i
9662,n
9663,g
9664,l
9665,y
9666,p
9667,p
9668,r
9669,o
9670,a
9671,c
9672,h
9673,i
9674,n
9675,g
9676,e
9677,n
9678,u
9679,o
9680,m
9681,m
9682,a
9683,n
9684,d
9685,i
9686,n
9687,g
9688,e
9689,r
9690,o
9691,p
9692,o
9693,i
9694,l
9695,i
9696,n
9697,g
9698,n
9699,c
9700,o
9701,m
9702,f
9703,o
9704,r
9705,t
9706,a
9707,b
9708,l
9709,y
9710,c
9711,k
9712,n
9713,o
9714,w
9715,l
9716,e
9717,d
9718,g
9719,e
9720,m
9721,e
9722,n
9723,t
9724,a
9725,t
9726,e
9727,w
9728,a
9729,b
9730,u
9731,z
9732,z
9733,u
9734,z
9735,z
9736,l
9737,e
9738,m
9739,e
9740,n
9741,t
9742,n
9743,e
9744,x
9745,p
9746,e
9747,c
9748,t
9749,e
9750,d
9751,u
9752,z
9753,z
9754,l
9755,e
9756,m
9757,e
9758,n
9759,t
9760,o
9761,r
9762,m
9763,a
9764,l
9765,i
9766,z
9767,a
9768,t
9769,i
9770,o
9771,n
9772,n
9773,c
9774,o
9775,m
9776,f
9777,o
9778,r
9779,t
9780,a
9781,b
9782,l
9783,y
9784,o
9785,v
9786,e
9787,r
9788,n
9789,i
9790,n
9791,g
9792,u
9793,s
9794,t
9795,i
9796,f
9797,i
9798,c
9799,a
9800,t
9801,i
9802,o
9803,n
9804,s
9805,o
9806,b
9807,b
9808,l
9809,e
9810,e
9811,c
9812,l
9813,a
9814,r
9815,i
9816,n
9817,g
9818,a
9819,x
9820,i
9821,u
9822,g
9823,g
9824,i
9825,n
9826,g
9827,o
9828,r
9829,m
9830,a
9831,l
9832,i
9833,z
9834,a
9835,t
9836,i
9837,o
9838,n
9839,c
9840,c
9841,o
9842,u
9843,n
9844,t
9845,a
9846,b
9847,i
9848,l
9849,i
9850,t
9851,y
9852,n
9853,c
9854,o
9855,n
9856,s
9857,e
9858,q
9859,u
9860,e
9861,n
9862,t
9863,i
9864,a
9865,l
9866,a
9867,t
9868,e
9869,c
9870,k
9871,n
9872,o
9873,w
9874,l
9875,e
9876,d
9877,g
9878,e
9879,m
9880,e
9881,n
9882,t
9883,o
9884,m
9885,m
9886,a
9887,n
9888,d
9889,i
9890,n
9891,g
9892,i
9893,s
9894,q
9895,u
9896,a
9897,l
9898,i
9899,f
9900,i
9901,e
9902,d
9903,n
9904,d
9905,u
9906,s
9907,t
9908,r
9909,i
9910,a
9911,l
9912,i
9913,z
9914,e
9915,d
9916,u
9917,g
9918,g
9919,i
9920,n
9921,g
9922,i
9923,d
9924,d
9925,i
9926,n
9927,g
9928,o
9929,b
9930,b
9931,l
9932,e
9933,u
9934,r
9935,r
9936,o
9937,u
9938,n
9939,d
9940,e
9941,d
9942,r
9943,a
9944,n
9945,s
9946,f
9947,o
9948,r
9949,m
9950,n
9951,c
9952,o
9953,m
9954,f
9955,o
9956,r
9957,t
9958,a
9959,b
9960,l
9961,y
9962,n
9963,v
9964,u
9965,l
9966,n
9967,e
9968,r
9969,a
9970,b
9971,l
9972,e
9973,c
9974,c
9975,o
9976,u
9977,n
9978,t
9979,a
9980,b
9981,i
9982,l
9983,i
9984,t
9985,y
9986,e
9987,n
9988,u
9989,u
9990,m
9991,p
9992,p
9993,o
9994,i
9995,l
9996,i
9997,n
9998,g
9999,u
10000,z
10001,z
10002,a
10003,t
10004,e
10005,i
10006,d
10007,d
10008,i
10009,n
10010,g
10011,e
10012,a
10013,r
10014,b
10015,e
10016,a
10017,d
10018,o
10019,v
10020,e
10021,r
10022,n
10023,i
10024,n
10025,g
10026,u
10027,s
10028,t
10029,i
10030,f
10031,i
10032,c
10033,a
10034,t
10035,i
10036,o
10037,n
10038,s
10039,o
10040,m
10041,m
10042,a
10043,n
10044,d
10045,i
10046,n
10047,g
10048,i
10049,d
10050,d
10051,i
10052,n
10053,g
10054,c
10055,c
10056,o
10057,u
10058,n
10059,t
10060,a
10061,b
10062,i
10063,l
10064,i
10065,t
10066,y
10067,a
10068,f
10069,e
10070,t
10071,e
10072,r
10073,i
10074,a
10075,o
10076,v
10077,e
10078,r
10079,n
10080,i
10081,n
10082,g
10083,e
10084,e
10085,k
10086,e
10087,r
10088,n
10089,w
10090,o
10091,r
10092,k
10093,a
10094,b
10095,l
10096,e
10097,u
10098,r
10099,r
10100,o
10101,u
10102,n
10103,d
10104,e
10105,d
10106,e
10107,v
10108,v
10109,i
10110,n
10111,g
10112,o
10113,l
10114,c
10115,a
10116,n
10117,i
10118,c
10119,c
10120,k
10121,n
10122,o
10123,w
10124,l
10125,e
10126,d
10127,g
10128,e
10129,m
10130,e
10131,n
10132,t
10133,i
10134,d
10135,d
10136,i
10137,n
10138,g
10139,k
10140,i
10141,i
10142,n
10143,g
10144,r
10145,i
10146,g
10147,h
10148,t
10149,f
10150,u
10151,l
10152,l
10153,y
10154,u
10155,i
10156,z
10157,z
10158,i
10159,c
10160,a
10161,l
10162,l
10163,y
10164,n
10165,v
10166,u
10167,l
10168,n
10169,e
10170,r
10171,a
10172,b
10173,l
10174,e
10175,e
10176,e
10177,k
10178,e
10179,r
10180,g
10181,o
10182,n
10183,i
10184,z
10185,i
10186,n
10187,g
10188,l
10189,y
10190,a
10191,f
10192,e
10193,t
10194,e
10195,r
10196,i
10197,a
10198,o
10199,m
10200,p
10201,l
10202,e
10203,x
10204,e
10205,n
10206,u
10207,y
10208,m
10209,p
10210,a
10211,t
10212,h
10213,e
10214,t
10215,i
10216,c
10217,a
10218,l
10219,l
10220,y
10221,a
10222,k
10223,e
10224,e
10225,v
10226,v
10227,i
10228,n
10229,g
10230,n
10231,e
10232,x
10233,p
10234,e
10235,c
10236,t
10237,e
10238,d
10239,e
10240,n
10241,u
10242,a
10243,t
10244,e
10245,c
10246,k
10247,n
10248,o
10249,w
10250,l
10251,e
10252,d
10253,g
10254,e
10255,m
10256,e
10257,n
10258,t
10259,u
10260,m
10261,p
10262,h
10263,a
10264,d
10265,o
10266,w
10267,o
10268,m
10269,m
10270,a
10271,n
10272,d
10273,i
10274,n
10275,g
10276,u
10277,g
10278,g
10279,i
10280,n
10281,g
10282,u
10283,g
10284,g
10285,i
10286,n
10287,g
10288,i
10289,d
10290,d
10291,i
10292,n
10293,g
10294,g
10295,o
10296,n
10297,i
10298,z
10299,i
10300,n
10301,g
10302,l
10303,y
10304,n
10305,w
10306,o
10307,r
10308,k
10309,a
10310,b
10311,l
10312,e
10313,o
10314,m
10315,p
10316,a
10317,r
10318,a
10319,t
10320,i
10321,v
10322,e
10323,l
10324,y
10325,k
10326,i
10327,i
10328,n
10329,g
10330,u
10331,z
10332,z
10333,n
10334,d
10335,u
10336,s
10337,t
10338,r
10339,i
10340,a
10341,l
10342,i
10343,z
10344,e
10345,d
10346,p
10347,o
10348,i
10349,l
10350,i
10351,n
10352,g
10353,a
10354,b
10355,u
10356,l
10357,o
10358,u
10359,s
10360,l
10361,y
10362,n
10363,v
10364,u
10365,l
10366,n
10367,e
10368,r
10369,a
10370,b
10371,l
10372,e
10373,e
10374,n
10375,u
10376,u
10377,s
10378,t
10379,i
10380,f
10381,i
10382,c
10383,a
10384,t
10385,i
10386,o
10387,n
10388,s
10389,e
10390,e
10391,k
10392,e
10393,r
10394,o
10395,v
10396,e
10397,r
10398,n
10399,i
10400,n
10401,g
10402,p
10403,o
10404,i
10405,l
10406,i
10407,n
10408,g
10409,u
10410,i
10411,z
10412,z
10413,i
10414,c
10415,a
10416,l
10417,l
10418,y
10419,e
10420,a
10421,r
10422,b
10423,o
10424,o
10425,k
10426,r
10427,a
10428,n
10429,s
10430,f
10431,o
10432,r
10433,m
10434,o
10435,m
10436,p
10437,a
10438,r
10439,a
10440,t
10441,i
10442,v
10443,e
10444,l
10445,y
10446,e
10447,o
10448,g
10449,r
10450,a
10451,p
10452,h
10453,y
10454,o
10455,b
10456,b
10457,l
10458,e
10459,n
10460,d
10461,u
10462,s
10463,t
10464,r
10465,i
10466,a
10467,l
10468,i
10469,z
10470,e
10471,d
10472,o
10473,v
10474,e
10475,r
10476,n
10477,i
10478,n
10479,g
10480,m
10481,b
10482,r
10483,a
10484,c
10485,e
10486,s
10487,u
10488,g
10489,g
10490,i
10491,n
10492,g
10493,u
10494,s
10495,t
10496,i
10497,f
10498,i
10499,c
10500,a
10501,t
10502,i
10503,o
10504,n
10505,s
10506,a
10507,c
10508,k
10509,i
10510,n
10511,g
10512,e
10513,v
10514,v
10515,i
10516,n
10517,g
10518,u
10519,i
10520,z
10521,z
10522,i
10523,c
10524,a
10525,l
10526,l
10527,y
10528,a
10529,f
10530,e
10531,t
10532,e
10533,r
10534,i
10535,a
10536,c
10537,k
10538,n
10539,o
10540,w
10541,l
10542,e
10543,d
10544,g
10545,e
10546,m
10547,e
10548,n
10549,t
10550,c
10551,k
10552,n
10553,o
10554,w
10555,l
10556,e
10557,d
10558,g
10559,e
10560,m
10561,e
10562,n
10563,t
10564,e
10565,r
10566,o
10567,w
10568,a
10569,b
10570,i
10571,s
10572,q
10573,u
10574,a
10575,l
10576,i
10577,f
10578,i
10579,e
10580,d
10581,e
10582,n
10583,u
